HeartRate,SpO2,TemperatureF,FallDetected,Condition
76,92,89.2,1,Abnormal
81,98,109.5,1,Abnormal
95,84,88.2,1,Abnormal
133,88,109.7,0,Abnormal
53,73,108.2,0,Abnormal
140,70,87.4,1,Abnormal
82,83,106.4,0,Moderate
106,98,100.2,1,Abnormal
89,88,96.4,1,Abnormal
90,66,94.5,1,Abnormal
48,78,93.2,0,Abnormal
120,81,96.0,0,Moderate
67,93,99.1,0,Moderate
52,93,106.2,1,Abnormal
113,98,99.6,1,Abnormal
90,82,86.3,1,Abnormal
69,98,107.1,1,Abnormal
82,75,106.1,1,Abnormal
57,65,93.6,1,Abnormal
124,93,91.4,1,Abnormal
141,87,90.6,1,Abnormal
82,65,98.5,1,Abnormal
136,66,88.7,0,Moderate
93,85,106.5,1,Abnormal
79,94,100.6,1,Abnormal
85,96,107.4,0,Abnormal
65,66,88.2,1,Abnormal
126,100,87.4,0,Abnormal
73,71,94.1,1,Abnormal
68,75,93.9,1,Abnormal
78,83,96.2,0,Moderate
129,61,87.4,1,Abnormal
130,61,102.7,0,Abnormal
111,74,94.1,1,Abnormal
84,100,87.7,0,Abnormal
106,70,108.6,0,Moderate
96,92,102.4,0,Abnormal
126,61,91.7,0,Abnormal
109,75,100.1,0,Moderate
55,81,102.9,1,Abnormal
114,91,109.0,1,Abnormal
138,61,91.9,0,Abnormal
84,94,98.1,0,Normal
80,80,97.4,0,Moderate
54,90,104.5,0,Abnormal
55,78,105.8,1,Abnormal
82,65,85.3,1,Abnormal
132,91,108.3,0,Abnormal
103,82,96.3,1,Abnormal
95,100,94.1,0,Normal
74,81,95.5,1,Abnormal
67,94,88.4,1,Abnormal
60,61,101.8,1,Abnormal
92,62,88.5,0,Moderate
134,65,101.3,0,Moderate
138,65,104.2,1,Abnormal
42,70,105.8,1,Abnormal
129,72,93.8,1,Abnormal
146,89,97.5,0,Abnormal
142,66,96.7,0,Abnormal
66,61,98.5,0,Moderate
142,89,101.7,1,Abnormal
107,93,97.5,1,Abnormal
79,87,97.3,0,Normal
43,68,98.0,0,Abnormal
98,87,94.0,1,Abnormal
115,65,105.0,0,Moderate
112,85,103.4,0,Moderate
44,75,94.5,0,Abnormal
122,81,88.6,1,Abnormal
150,79,87.9,1,Abnormal
108,88,89.8,1,Abnormal
107,94,92.2,1,Abnormal
129,99,109.2,1,Abnormal
56,98,102.3,0,Abnormal
49,83,92.5,0,Moderate
124,89,109.3,0,Abnormal
40,76,90.2,0,Abnormal
108,77,97.2,1,Abnormal
145,80,103.6,1,Abnormal
123,84,109.5,1,Abnormal
131,65,90.2,0,Abnormal
73,62,97.8,1,Abnormal
74,97,86.7,0,Abnormal
112,75,95.2,0,Moderate
68,95,91.1,1,Abnormal
60,61,86.6,1,Abnormal
128,70,101.4,1,Abnormal
128,78,98.9,1,Abnormal
145,80,103.4,1,Abnormal
118,75,100.0,0,Moderate
86,81,98.6,1,Abnormal
63,83,89.3,1,Abnormal
99,84,95.4,0,Moderate
60,97,109.4,0,Moderate
119,72,103.3,0,Moderate
119,63,102.8,0,Moderate
148,93,107.5,0,Abnormal
70,90,90.4,1,Abnormal
75,82,106.2,1,Abnormal
40,64,98.3,0,Abnormal
56,67,102.2,1,Abnormal
120,65,106.0,0,Moderate
80,83,98.2,0,Moderate
65,77,102.3,1,Abnormal
57,98,90.5,0,Abnormal
61,63,108.1,1,Abnormal
72,65,98.7,1,Abnormal
69,96,95.2,0,Moderate
143,76,109.2,0,Abnormal
65,81,92.1,1,Abnormal
121,88,88.7,0,Moderate
41,73,95.4,0,Abnormal
110,79,94.0,0,Moderate
127,75,100.2,0,Moderate
115,97,85.7,1,Abnormal
111,76,96.8,0,Moderate
116,84,102.4,0,Moderate
85,63,109.3,1,Abnormal
65,84,86.5,1,Abnormal
122,98,89.7,0,Moderate
64,73,95.9,1,Abnormal
45,74,100.7,0,Moderate
60,71,105.7,0,Moderate
119,100,103.2,1,Abnormal
76,70,89.3,0,Moderate
125,65,96.7,1,Abnormal
70,73,86.0,1,Abnormal
127,81,97.9,1,Abnormal
46,97,90.0,0,Abnormal
59,89,90.9,1,Abnormal
107,67,96.9,1,Abnormal
118,61,95.3,0,Moderate
85,94,106.2,0,Abnormal
56,69,102.7,1,Abnormal
114,88,97.4,1,Abnormal
82,68,94.8,1,Abnormal
149,86,101.7,1,Abnormal
77,75,94.6,0,Abnormal
50,98,109.6,0,Abnormal
52,100,98.2,0,Abnormal
61,66,87.0,1,Abnormal
130,68,109.2,0,Abnormal
50,86,95.6,1,Abnormal
131,85,96.6,1,Abnormal
68,63,95.0,1,Abnormal
143,78,90.7,1,Abnormal
116,82,108.1,1,Abnormal
146,78,101.2,0,Moderate
55,76,87.0,0,Abnormal
105,99,91.8,0,Normal
79,82,109.2,0,Moderate
127,64,108.3,1,Abnormal
126,89,94.0,1,Abnormal
54,98,98.7,1,Abnormal
80,76,95.5,0,Abnormal
95,67,97.1,0,Abnormal
140,93,90.3,1,Abnormal
82,82,88.1,0,Moderate
73,73,96.7,0,Abnormal
52,61,102.6,0,Abnormal
42,75,104.3,0,Abnormal
135,89,104.7,1,Abnormal
120,69,92.0,1,Abnormal
134,85,86.4,1,Abnormal
147,68,95.7,1,Abnormal
58,100,97.2,0,Abnormal
46,94,97.8,1,Abnormal
84,86,99.3,0,Normal
110,80,107.1,1,Abnormal
83,100,97.3,0,Normal
124,92,93.2,1,Abnormal
121,90,96.5,0,Abnormal
45,80,99.5,0,Moderate
150,72,90.9,0,Abnormal
67,64,85.1,0,Moderate
60,91,92.5,1,Abnormal
81,68,94.5,1,Abnormal
117,64,91.4,0,Moderate
93,72,100.0,1,Abnormal
108,84,107.2,1,Abnormal
147,91,91.3,1,Abnormal
143,83,100.6,1,Abnormal
96,80,90.1,1,Abnormal
108,74,101.1,0,Moderate
117,61,94.5,1,Abnormal
135,81,90.4,0,Moderate
131,93,98.6,1,Abnormal
40,63,100.9,1,Abnormal
58,69,102.7,1,Abnormal
130,89,89.6,1,Abnormal
40,95,107.0,1,Abnormal
70,90,92.1,0,Normal
127,83,93.3,1,Abnormal
57,79,88.2,1,Abnormal
47,89,94.4,0,Abnormal
81,87,103.3,0,Abnormal
103,67,100.9,1,Abnormal
65,93,88.6,1,Abnormal
53,86,87.6,0,Abnormal
107,61,88.2,1,Abnormal
86,67,95.5,0,Abnormal
139,93,88.6,0,Moderate
49,77,100.8,0,Moderate
102,60,96.9,1,Abnormal
122,78,89.9,0,Moderate
133,98,105.6,1,Abnormal
137,97,98.9,0,Abnormal
79,66,102.1,0,Abnormal
75,63,97.4,1,Abnormal
124,99,96.5,1,Abnormal
112,78,89.4,1,Abnormal
102,94,91.9,0,Normal
146,88,101.9,1,Abnormal
144,79,89.1,0,Moderate
69,81,87.4,0,Moderate
119,82,93.1,1,Abnormal
93,63,100.2,0,Moderate
66,64,105.2,1,Abnormal
125,73,109.5,0,Abnormal
59,79,89.5,1,Abnormal
64,99,107.6,0,Moderate
98,100,97.2,1,Abnormal
77,70,89.6,0,Moderate
69,89,106.1,0,Moderate
126,71,104.2,0,Abnormal
110,78,94.9,1,Abnormal
116,67,108.0,0,Moderate
64,74,95.8,1,Abnormal
113,89,109.9,1,Abnormal
146,63,99.5,0,Abnormal
113,79,101.7,0,Moderate
88,83,99.7,0,Moderate
147,80,99.2,1,Abnormal
85,77,94.3,0,Abnormal
96,63,104.0,1,Abnormal
49,61,99.6,0,Abnormal
69,77,86.7,0,Moderate
121,95,102.3,1,Abnormal
137,90,106.5,0,Abnormal
96,65,100.4,1,Abnormal
86,75,86.0,1,Abnormal
135,86,88.0,0,Moderate
48,74,85.4,0,Abnormal
110,91,97.5,1,Abnormal
141,98,99.3,1,Abnormal
104,95,90.0,0,Normal
87,87,87.4,0,Abnormal
42,84,104.1,0,Moderate
70,77,107.9,0,Abnormal
59,99,95.4,0,Abnormal
89,70,87.7,0,Abnormal
140,65,95.9,0,Abnormal
131,76,100.2,1,Abnormal
116,80,108.7,0,Moderate
78,64,89.6,1,Abnormal
89,97,99.0,1,Abnormal
80,82,104.1,1,Abnormal
81,77,105.3,1,Abnormal
112,93,92.3,1,Abnormal
119,86,88.6,1,Abnormal
116,81,89.8,0,Moderate
48,64,103.4,0,Abnormal
114,92,106.6,1,Abnormal
63,67,94.6,1,Abnormal
114,92,93.8,1,Abnormal
121,60,91.9,0,Abnormal
63,79,104.1,1,Abnormal
46,61,101.7,1,Abnormal
49,70,88.3,1,Abnormal
46,61,98.2,0,Abnormal
41,96,102.7,0,Abnormal
98,96,102.9,1,Abnormal
141,91,91.7,1,Abnormal
65,61,87.5,0,Moderate
116,73,89.5,1,Abnormal
107,74,109.8,0,Moderate
71,72,95.9,1,Abnormal
61,62,90.1,1,Abnormal
53,73,96.6,0,Abnormal
110,89,108.1,0,Moderate
132,61,99.7,0,Abnormal
79,77,101.7,1,Abnormal
120,66,94.5,1,Abnormal
105,84,98.1,0,Moderate
65,98,106.0,0,Moderate
59,87,92.8,1,Abnormal
107,78,97.6,1,Abnormal
90,63,88.2,0,Moderate
69,67,91.5,1,Abnormal
75,61,85.2,0,Abnormal
112,93,108.9,0,Moderate
47,91,94.7,1,Abnormal
66,77,99.9,1,Abnormal
90,84,96.9,1,Abnormal
75,79,99.7,1,Abnormal
83,69,108.8,1,Abnormal
68,61,107.3,0,Moderate
149,72,102.6,1,Abnormal
135,62,102.5,0,Abnormal
46,73,103.1,0,Abnormal
85,95,99.9,0,Normal
83,96,101.4,0,Moderate
67,68,95.5,0,Moderate
103,79,86.2,1,Abnormal
74,94,100.2,1,Abnormal
133,96,99.1,0,Abnormal
66,61,86.9,0,Moderate
92,84,91.7,1,Abnormal
129,73,106.7,1,Abnormal
63,100,99.6,1,Abnormal
91,66,85.3,1,Abnormal
40,84,108.8,0,Moderate
55,66,101.3,0,Moderate
125,92,98.3,1,Abnormal
51,73,92.7,0,Abnormal
43,87,101.2,1,Abnormal
110,76,94.4,1,Abnormal
121,95,85.9,1,Abnormal
122,92,107.2,0,Abnormal
133,70,108.9,1,Abnormal
122,73,109.7,0,Abnormal
86,81,86.8,0,Moderate
66,77,105.4,0,Moderate
61,91,107.7,0,Moderate
118,84,85.9,1,Abnormal
63,98,107.1,1,Abnormal
112,73,95.9,0,Moderate
121,71,104.1,1,Abnormal
72,82,87.2,0,Moderate
100,91,100.0,1,Abnormal
116,96,109.5,1,Abnormal
125,86,91.2,0,Abnormal
123,90,86.6,1,Abnormal
60,88,109.4,1,Abnormal
44,93,108.4,1,Abnormal
149,85,90.9,1,Abnormal
46,86,89.7,1,Abnormal
102,65,89.4,0,Moderate
61,89,101.1,1,Abnormal
128,79,96.3,0,Abnormal
147,85,100.6,1,Abnormal
83,86,109.9,0,Abnormal
109,84,104.1,1,Abnormal
144,83,100.5,0,Moderate
95,85,92.8,1,Abnormal
66,85,109.2,1,Abnormal
94,86,104.7,0,Abnormal
94,94,87.1,1,Abnormal
58,74,100.5,0,Moderate
59,71,102.0,1,Abnormal
60,88,104.5,0,Moderate
59,69,102.9,1,Abnormal
147,90,90.2,1,Abnormal
101,78,87.7,1,Abnormal
107,96,104.8,1,Abnormal
56,93,107.6,0,Abnormal
87,90,98.5,1,Abnormal
150,73,97.4,1,Abnormal
130,71,93.1,1,Abnormal
73,75,85.8,1,Abnormal
146,93,104.7,0,Abnormal
66,84,106.0,1,Abnormal
55,65,99.9,1,Abnormal
117,79,86.3,1,Abnormal
80,80,103.5,1,Abnormal
133,89,94.3,0,Abnormal
117,100,109.2,0,Moderate
45,64,108.5,1,Abnormal
47,91,109.1,1,Abnormal
60,76,94.9,1,Abnormal
136,63,86.4,1,Abnormal
150,65,89.9,1,Abnormal
80,99,103.0,0,Abnormal
60,75,99.3,1,Abnormal
96,78,90.6,0,Abnormal
80,71,99.6,0,Abnormal
66,68,92.1,1,Abnormal
131,61,103.6,1,Abnormal
111,90,86.8,1,Abnormal
71,90,98.6,1,Abnormal
115,82,95.2,1,Abnormal
50,69,88.9,0,Moderate
128,94,93.2,1,Abnormal
85,67,91.1,0,Abnormal
84,98,109.7,0,Abnormal
128,89,87.5,1,Abnormal
52,98,90.5,0,Abnormal
47,97,90.8,1,Abnormal
140,99,86.3,1,Abnormal
125,87,105.2,0,Abnormal
106,94,104.8,1,Abnormal
99,86,100.6,1,Abnormal
93,71,100.5,1,Abnormal
55,68,104.4,0,Abnormal
60,88,89.7,1,Abnormal
40,62,88.6,0,Moderate
131,78,98.1,1,Abnormal
46,64,88.0,0,Moderate
97,93,88.7,1,Abnormal
109,88,100.2,0,Moderate
121,81,105.9,0,Moderate
49,67,99.4,1,Abnormal
84,99,86.2,1,Abnormal
67,78,90.9,0,Moderate
51,86,102.3,1,Abnormal
62,92,107.5,0,Moderate
146,97,98.6,0,Abnormal
86,64,98.3,0,Abnormal
113,82,103.2,0,Moderate
145,99,100.6,1,Abnormal
88,73,94.6,0,Abnormal
42,83,96.9,1,Abnormal
103,76,93.0,1,Abnormal
40,62,105.6,0,Abnormal
51,83,85.9,1,Abnormal
59,80,89.1,0,Moderate
47,85,92.4,0,Moderate
51,81,90.0,0,Moderate
72,70,103.9,1,Abnormal
95,75,90.9,1,Abnormal
44,69,88.6,1,Abnormal
50,80,89.4,0,Moderate
55,62,104.0,1,Abnormal
91,88,99.8,0,Normal
62,83,96.7,1,Abnormal
140,78,106.7,0,Abnormal
112,98,91.4,0,Moderate
146,94,89.5,1,Abnormal
146,92,94.1,1,Abnormal
132,99,91.5,0,Abnormal
115,70,88.8,1,Abnormal
98,61,102.1,0,Abnormal
102,70,92.4,1,Abnormal
139,77,89.2,1,Abnormal
138,64,96.8,1,Abnormal
140,98,107.5,1,Abnormal
125,95,101.7,1,Abnormal
102,99,92.4,0,Normal
75,74,107.1,1,Abnormal
100,62,86.3,1,Abnormal
40,94,87.5,0,Abnormal
119,89,88.7,0,Moderate
131,66,93.5,1,Abnormal
147,68,87.2,1,Abnormal
119,65,100.0,1,Abnormal
117,86,99.3,1,Abnormal
67,64,105.2,0,Moderate
110,99,102.0,1,Abnormal
89,69,95.1,0,Abnormal
57,91,99.3,1,Abnormal
144,90,87.3,1,Abnormal
120,69,87.3,0,Moderate
88,63,93.7,1,Abnormal
90,67,89.6,0,Moderate
79,81,94.6,1,Abnormal
72,98,109.1,1,Abnormal
110,64,89.8,1,Abnormal
67,82,102.9,0,Moderate
142,85,90.6,1,Abnormal
68,94,90.8,0,Moderate
41,74,94.2,0,Abnormal
131,91,91.3,1,Abnormal
85,78,93.8,1,Abnormal
66,80,93.1,0,Moderate
134,90,101.3,0,Moderate
144,70,96.2,1,Abnormal
72,65,99.9,0,Abnormal
128,77,98.8,1,Abnormal
64,97,103.8,1,Abnormal
119,82,103.4,0,Moderate
105,90,109.1,0,Abnormal
146,66,87.5,0,Abnormal
62,89,105.9,1,Abnormal
124,98,101.9,1,Abnormal
92,62,98.5,0,Abnormal
80,60,106.4,0,Abnormal
134,90,97.6,1,Abnormal
92,84,104.7,1,Abnormal
130,69,103.2,1,Abnormal
65,93,86.0,1,Abnormal
132,61,87.6,0,Abnormal
82,97,109.9,0,Abnormal
71,98,103.2,1,Abnormal
42,83,90.4,0,Moderate
92,65,85.7,1,Abnormal
117,60,104.7,0,Moderate
69,88,86.9,1,Abnormal
108,92,87.0,1,Abnormal
112,67,92.8,0,Moderate
133,73,85.8,1,Abnormal
117,89,91.6,1,Abnormal
83,87,86.8,0,Abnormal
126,94,94.1,1,Abnormal
72,76,107.8,1,Abnormal
105,74,102.7,1,Abnormal
67,92,89.9,1,Abnormal
77,97,105.9,1,Abnormal
81,96,96.6,0,Normal
130,100,88.3,0,Moderate
72,72,110.0,0,Abnormal
90,72,85.0,0,Abnormal
146,63,98.5,0,Abnormal
52,79,105.7,1,Abnormal
127,95,91.9,0,Abnormal
61,78,88.9,0,Moderate
99,71,106.4,0,Abnormal
122,85,90.4,1,Abnormal
60,76,96.0,1,Abnormal
46,67,104.4,0,Abnormal
48,94,87.8,1,Abnormal
54,80,85.5,1,Abnormal
61,71,96.9,1,Abnormal
128,92,104.3,1,Abnormal
65,79,89.7,1,Abnormal
103,98,92.8,0,Normal
43,81,109.8,1,Abnormal
116,92,100.3,1,Abnormal
99,75,102.0,1,Abnormal
41,91,91.0,0,Abnormal
80,95,108.8,0,Abnormal
139,63,89.8,1,Abnormal
131,94,99.7,0,Abnormal
83,98,109.8,1,Abnormal
74,61,102.7,1,Abnormal
130,76,101.4,1,Abnormal
137,100,86.1,1,Abnormal
113,81,102.5,1,Abnormal
68,78,93.0,0,Moderate
42,96,86.9,1,Abnormal
136,93,86.5,0,Abnormal
126,69,100.3,0,Moderate
57,91,89.8,1,Abnormal
139,85,97.8,1,Abnormal
120,74,85.5,1,Abnormal
104,77,109.4,0,Abnormal
119,80,85.2,0,Moderate
143,87,109.5,1,Abnormal
120,61,103.9,1,Abnormal
146,98,100.5,1,Abnormal
128,67,103.7,1,Abnormal
121,74,100.8,1,Abnormal
129,68,107.2,1,Abnormal
130,77,109.2,0,Abnormal
141,74,108.7,1,Abnormal
128,64,94.0,0,Abnormal
51,88,87.7,0,Abnormal
98,99,104.6,0,Abnormal
86,61,98.4,1,Abnormal
137,97,88.7,1,Abnormal
52,98,108.0,0,Abnormal
95,95,96.7,1,Abnormal
85,75,97.4,0,Abnormal
86,83,102.1,1,Abnormal
107,68,86.6,0,Moderate
52,87,107.9,0,Abnormal
146,94,92.0,0,Abnormal
67,69,101.1,0,Moderate
141,78,89.3,1,Abnormal
128,69,99.3,1,Abnormal
144,80,101.8,1,Abnormal
96,76,101.2,0,Moderate
58,96,109.0,1,Abnormal
46,93,102.0,0,Moderate
145,62,94.1,0,Abnormal
98,75,85.3,0,Abnormal
62,77,99.6,0,Moderate
88,63,90.9,0,Abnormal
137,87,86.7,1,Abnormal
126,96,104.4,0,Abnormal
131,78,87.9,1,Abnormal
111,73,101.0,0,Moderate
150,86,104.1,1,Abnormal
83,76,92.4,1,Abnormal
53,96,94.6,0,Abnormal
44,62,108.7,1,Abnormal
144,80,100.7,1,Abnormal
138,70,100.0,0,Abnormal
82,91,99.9,1,Abnormal
130,96,105.2,1,Abnormal
50,65,103.7,1,Abnormal
142,89,87.7,0,Abnormal
82,72,104.8,1,Abnormal
110,74,101.5,0,Moderate
91,99,99.2,1,Abnormal
56,73,89.5,0,Moderate
135,88,108.1,0,Abnormal
52,89,108.4,0,Abnormal
42,82,101.6,1,Abnormal
65,88,100.6,0,Moderate
51,100,90.9,0,Abnormal
111,85,101.5,1,Abnormal
144,65,107.1,1,Abnormal
79,90,85.5,0,Abnormal
146,88,106.7,1,Abnormal
148,100,101.4,1,Abnormal
45,92,103.0,0,Abnormal
117,78,97.8,0,Moderate
55,64,89.0,0,Moderate
117,81,105.2,0,Moderate
137,94,89.7,0,Moderate
72,92,87.3,1,Abnormal
40,63,105.1,1,Abnormal
92,83,102.7,1,Abnormal
118,93,92.9,0,Moderate
42,78,87.9,0,Abnormal
53,95,90.8,1,Abnormal
71,91,90.7,1,Abnormal
47,72,103.8,1,Abnormal
49,87,107.0,1,Abnormal
47,72,87.1,0,Abnormal
70,63,94.0,0,Abnormal
110,72,89.9,0,Moderate
88,74,104.2,1,Abnormal
128,77,102.7,1,Abnormal
115,70,98.2,1,Abnormal
118,72,94.0,0,Moderate
96,77,96.0,0,Abnormal
59,81,104.7,1,Abnormal
103,94,94.9,1,Abnormal
81,76,91.5,1,Abnormal
70,68,86.2,1,Abnormal
139,67,92.6,1,Abnormal
127,87,98.7,1,Abnormal
88,64,85.9,0,Abnormal
84,85,85.4,0,Moderate
115,97,88.2,1,Abnormal
67,98,85.2,1,Abnormal
87,74,95.1,1,Abnormal
133,71,97.1,0,Abnormal
128,91,104.0,0,Abnormal
109,66,85.9,0,Moderate
47,75,105.4,1,Abnormal
95,67,105.2,1,Abnormal
43,84,109.0,0,Moderate
83,62,100.3,1,Abnormal
128,76,109.6,0,Abnormal
142,66,105.8,0,Abnormal
53,96,85.9,1,Abnormal
49,62,96.5,0,Abnormal
149,95,98.7,1,Abnormal
102,98,106.4,0,Abnormal
118,97,90.7,1,Abnormal
112,87,94.0,0,Moderate
61,63,105.3,1,Abnormal
55,92,87.6,1,Abnormal
52,85,109.6,0,Moderate
88,81,92.2,1,Abnormal
101,60,86.7,1,Abnormal
42,61,102.4,1,Abnormal
115,90,92.2,0,Moderate
72,82,86.5,1,Abnormal
128,85,99.6,0,Moderate
124,78,109.1,1,Abnormal
50,91,92.9,1,Abnormal
99,84,101.8,0,Moderate
83,83,108.9,0,Moderate
86,83,99.8,0,Moderate
63,66,85.1,1,Abnormal
138,78,96.1,0,Abnormal
127,91,105.7,0,Abnormal
59,90,109.1,1,Abnormal
85,78,101.8,0,Moderate
102,93,101.6,1,Abnormal
80,92,99.8,0,Normal
141,63,98.0,1,Abnormal
109,97,103.5,0,Moderate
52,69,90.7,0,Abnormal
144,75,106.6,0,Abnormal
72,86,98.9,1,Abnormal
133,94,103.6,0,Abnormal
61,98,95.2,0,Moderate
63,62,105.3,0,Moderate
101,95,98.7,1,Abnormal
73,62,99.2,0,Abnormal
102,85,98.3,1,Abnormal
149,90,91.4,1,Abnormal
119,69,100.8,1,Abnormal
95,91,108.0,1,Abnormal
49,73,91.3,0,Abnormal
68,71,104.2,0,Moderate
129,82,108.1,1,Abnormal
72,95,108.8,1,Abnormal
141,74,97.5,0,Abnormal
136,87,108.6,0,Abnormal
102,83,103.9,0,Moderate
54,86,87.7,1,Abnormal
49,72,106.8,1,Abnormal
41,89,106.2,1,Abnormal
91,75,99.1,0,Abnormal
148,82,101.5,1,Abnormal
68,97,86.0,0,Moderate
137,75,92.6,0,Abnormal
132,89,104.6,1,Abnormal
142,99,107.1,1,Abnormal
96,98,91.8,0,Normal
75,84,93.2,1,Abnormal
144,72,97.1,1,Abnormal
80,81,103.6,0,Moderate
88,93,98.0,1,Abnormal
95,74,96.0,1,Abnormal
64,60,104.3,0,Moderate
118,84,104.6,1,Abnormal
61,87,102.8,0,Moderate
134,87,88.9,1,Abnormal
103,97,103.3,0,Abnormal
79,62,91.5,1,Abnormal
40,86,105.5,0,Abnormal
84,62,90.9,0,Abnormal
115,94,97.9,1,Abnormal
90,62,92.1,0,Abnormal
55,63,94.2,1,Abnormal
63,85,91.8,1,Abnormal
150,63,96.2,0,Abnormal
60,90,91.5,1,Abnormal
70,83,99.9,1,Abnormal
48,64,99.3,0,Abnormal
97,80,104.5,1,Abnormal
138,69,100.0,1,Abnormal
69,60,105.2,1,Abnormal
94,61,106.8,1,Abnormal
51,82,92.1,1,Abnormal
143,73,106.6,0,Abnormal
115,79,102.8,0,Moderate
51,94,107.8,1,Abnormal
68,63,93.3,1,Abnormal
47,88,92.4,1,Abnormal
101,94,105.6,0,Abnormal
55,82,98.5,1,Abnormal
148,80,93.0,1,Abnormal
134,69,92.0,1,Abnormal
132,85,90.7,1,Abnormal
51,75,100.4,0,Moderate
114,92,103.8,0,Moderate
115,86,103.2,1,Abnormal
96,83,97.3,0,Moderate
143,81,99.6,1,Abnormal
119,88,90.8,1,Abnormal
118,98,101.5,0,Moderate
148,80,92.1,1,Abnormal
131,96,94.3,0,Abnormal
52,97,86.5,1,Abnormal
111,74,86.5,1,Abnormal
142,65,105.1,1,Abnormal
143,68,95.5,0,Abnormal
107,76,108.9,0,Moderate
147,74,101.5,1,Abnormal
82,99,106.5,1,Abnormal
59,61,101.7,1,Abnormal
127,60,100.8,1,Abnormal
131,67,98.4,1,Abnormal
127,91,108.3,0,Abnormal
72,72,93.7,1,Abnormal
78,66,99.6,1,Abnormal
109,68,107.8,0,Moderate
65,88,98.6,0,Moderate
141,87,108.3,0,Abnormal
69,86,106.1,0,Moderate
127,89,103.6,1,Abnormal
92,72,105.9,0,Abnormal
66,80,109.9,1,Abnormal
89,82,105.0,0,Moderate
61,70,94.2,0,Moderate
122,79,98.7,0,Abnormal
145,73,92.5,0,Abnormal
45,88,102.5,1,Abnormal
42,67,97.2,1,Abnormal
132,79,98.3,0,Abnormal
102,94,98.8,1,Abnormal
145,83,103.9,1,Abnormal
75,91,100.3,1,Abnormal
54,80,100.6,0,Moderate
41,98,94.2,0,Abnormal
64,64,98.1,0,Moderate
133,76,102.0,1,Abnormal
51,99,91.4,0,Abnormal
150,82,85.4,1,Abnormal
65,87,89.8,0,Moderate
122,91,104.2,0,Abnormal
65,85,86.2,0,Moderate
112,97,101.8,1,Abnormal
62,65,107.4,1,Abnormal
113,83,101.0,1,Abnormal
129,78,85.4,1,Abnormal
69,64,93.7,0,Moderate
61,77,107.3,0,Moderate
68,89,106.4,0,Moderate
91,100,106.6,1,Abnormal
88,93,97.1,1,Abnormal
125,76,98.5,1,Abnormal
131,99,87.0,0,Abnormal
138,78,104.4,0,Abnormal
68,89,88.7,0,Moderate
122,88,98.2,1,Abnormal
145,63,85.7,1,Abnormal
74,79,94.3,0,Abnormal
122,100,108.9,0,Abnormal
136,83,91.5,0,Moderate
80,64,96.7,0,Abnormal
135,89,96.6,0,Abnormal
100,85,107.8,0,Moderate
61,83,108.6,1,Abnormal
48,94,106.2,1,Abnormal
69,63,91.5,0,Moderate
62,79,109.6,1,Abnormal
135,95,89.6,1,Abnormal
87,78,100.9,1,Abnormal
117,80,99.3,1,Abnormal
56,67,99.7,1,Abnormal
76,89,90.5,0,Normal
40,87,97.1,1,Abnormal
139,75,94.0,0,Abnormal
136,80,107.1,0,Moderate
73,87,88.4,0,Moderate
145,88,103.2,0,Abnormal
52,89,91.0,0,Abnormal
134,82,106.4,1,Abnormal
69,91,89.7,1,Abnormal
130,87,87.8,0,Abnormal
119,78,100.2,1,Abnormal
61,69,100.0,1,Abnormal
147,77,109.3,0,Abnormal
64,86,85.0,0,Moderate
66,63,102.6,1,Abnormal
88,72,86.7,1,Abnormal
58,66,103.5,1,Abnormal
72,66,108.3,0,Abnormal
92,86,85.4,0,Abnormal
88,64,98.1,1,Abnormal
138,86,90.3,0,Abnormal
77,98,96.8,1,Abnormal
57,70,108.3,1,Abnormal
124,79,95.2,0,Abnormal
47,64,96.8,1,Abnormal
50,80,107.4,0,Moderate
135,65,105.7,1,Abnormal
44,88,95.4,0,Abnormal
77,97,92.7,0,Normal
98,78,90.8,0,Abnormal
102,74,86.0,0,Abnormal
139,80,106.1,1,Abnormal
123,89,100.7,1,Abnormal
74,73,89.9,1,Abnormal
48,85,96.2,0,Moderate
143,82,95.9,1,Abnormal
131,74,91.6,0,Abnormal
80,60,105.9,1,Abnormal
82,64,95.6,1,Abnormal
125,81,104.0,1,Abnormal
126,64,103.2,0,Abnormal
63,74,103.0,0,Moderate
140,89,98.6,1,Abnormal
81,80,96.4,0,Moderate
142,98,87.6,1,Abnormal
96,80,100.2,0,Moderate
88,95,89.1,1,Abnormal
125,80,107.3,0,Moderate
104,81,101.3,0,Moderate
78,74,104.3,1,Abnormal
49,65,88.9,1,Abnormal
128,84,91.3,0,Moderate
58,92,99.6,1,Abnormal
48,97,101.6,0,Moderate
47,89,101.8,0,Moderate
128,95,87.6,0,Abnormal
143,83,96.9,1,Abnormal
74,73,92.1,0,Abnormal
69,86,102.8,1,Abnormal
60,93,99.4,0,Moderate
70,60,101.9,0,Moderate
90,77,97.5,1,Abnormal
46,76,91.4,0,Abnormal
86,93,107.8,1,Abnormal
133,63,109.4,1,Abnormal
135,99,109.2,1,Abnormal
138,87,99.5,0,Abnormal
104,99,89.7,0,Moderate
65,85,87.7,0,Moderate
60,78,98.6,0,Moderate
99,88,85.3,1,Abnormal
48,61,104.8,1,Abnormal
123,74,87.9,1,Abnormal
57,63,104.1,1,Abnormal
87,78,105.4,0,Abnormal
133,73,91.7,0,Abnormal
119,89,100.2,1,Abnormal
102,98,105.0,1,Abnormal
66,77,95.5,1,Abnormal
60,61,89.8,1,Abnormal
148,76,98.9,1,Abnormal
73,79,103.3,1,Abnormal
52,73,107.1,1,Abnormal
74,80,95.6,1,Abnormal
136,94,98.1,0,Abnormal
56,76,105.8,0,Abnormal
116,77,92.4,0,Moderate
94,92,106.7,1,Abnormal
129,86,95.6,1,Abnormal
87,89,86.8,0,Abnormal
74,97,92.2,1,Abnormal
137,76,101.1,1,Abnormal
77,94,108.0,0,Abnormal
88,99,105.0,0,Abnormal
139,61,88.5,1,Abnormal
71,69,98.6,0,Abnormal
57,71,109.6,0,Abnormal
95,99,87.0,0,Abnormal
56,71,109.5,0,Abnormal
114,99,101.9,0,Moderate
49,84,89.5,1,Abnormal
145,82,99.6,0,Moderate
106,63,98.9,1,Abnormal
150,79,95.1,0,Abnormal
53,100,93.1,1,Abnormal
40,77,93.9,0,Abnormal
118,68,105.4,1,Abnormal
142,88,94.0,1,Abnormal
149,70,88.4,0,Moderate
147,87,109.5,1,Abnormal
72,75,91.5,0,Abnormal
82,93,94.4,0,Normal
100,68,101.6,1,Abnormal
143,76,86.4,0,Abnormal
113,75,104.2,1,Abnormal
94,60,87.7,1,Abnormal
62,67,104.5,1,Abnormal
110,88,97.4,1,Abnormal
96,64,97.0,1,Abnormal
134,99,104.9,0,Abnormal
65,75,88.7,1,Abnormal
111,70,106.2,1,Abnormal
121,65,109.7,0,Abnormal
67,73,88.2,1,Abnormal
129,74,89.7,0,Moderate
67,80,102.3,0,Moderate
50,79,98.6,0,Abnormal
97,98,99.9,0,Normal
129,97,109.3,0,Abnormal
68,64,88.1,0,Moderate
53,61,88.2,0,Moderate
54,95,100.4,0,Moderate
55,83,85.5,0,Moderate
81,100,86.6,0,Abnormal
49,92,87.8,1,Abnormal
58,95,101.3,1,Abnormal
108,89,100.3,1,Abnormal
107,63,91.8,0,Moderate
61,81,92.6,1,Abnormal
62,74,106.5,0,Moderate
72,71,90.8,1,Abnormal
122,83,90.3,1,Abnormal
124,62,87.7,0,Abnormal
111,70,87.0,0,Moderate
105,79,94.9,0,Abnormal
79,93,90.5,0,Normal
142,92,105.1,0,Abnormal
119,92,104.5,0,Moderate
70,97,109.9,0,Abnormal
117,87,91.4,0,Moderate
103,89,95.7,0,Normal
41,68,98.7,1,Abnormal
129,84,98.3,1,Abnormal
73,68,104.8,1,Abnormal
53,66,99.2,1,Abnormal
65,67,89.1,0,Moderate
54,79,90.4,0,Abnormal
150,96,87.6,0,Abnormal
54,61,97.5,0,Abnormal
51,76,94.8,0,Abnormal
144,73,87.6,0,Abnormal
69,80,92.1,1,Abnormal
60,78,108.2,0,Moderate
106,92,94.3,1,Abnormal
150,60,89.9,0,Moderate
41,66,93.7,1,Abnormal
107,87,94.6,1,Abnormal
118,75,86.5,1,Abnormal
59,87,96.1,1,Abnormal
114,88,108.5,1,Abnormal
125,61,87.5,1,Abnormal
108,64,97.1,0,Moderate
95,70,87.3,0,Abnormal
71,90,94.1,1,Abnormal
56,91,88.6,0,Moderate
127,85,94.2,1,Abnormal
72,94,105.3,1,Abnormal
146,100,104.8,0,Abnormal
67,83,89.9,1,Abnormal
53,93,85.1,1,Abnormal
86,91,92.9,0,Normal
99,81,101.0,1,Abnormal
138,73,99.8,0,Abnormal
105,95,89.0,0,Moderate
131,90,95.2,0,Abnormal
65,87,90.5,1,Abnormal
51,67,99.1,0,Abnormal
72,91,100.3,0,Moderate
61,68,87.9,1,Abnormal
59,76,85.6,0,Abnormal
43,69,109.7,1,Abnormal
45,80,98.4,0,Moderate
95,83,91.1,0,Moderate
54,99,108.4,1,Abnormal
87,63,102.9,1,Abnormal
81,93,101.2,1,Abnormal
96,93,97.4,1,Abnormal
114,90,109.7,1,Abnormal
143,63,98.0,1,Abnormal
138,63,92.4,0,Abnormal
116,97,95.3,1,Abnormal
77,68,109.2,1,Abnormal
96,70,96.7,1,Abnormal
123,86,89.9,0,Moderate
148,69,99.7,0,Abnormal
101,60,99.5,0,Abnormal
116,60,90.6,0,Moderate
78,80,108.4,0,Moderate
49,91,103.8,0,Abnormal
107,93,107.6,1,Abnormal
125,71,87.5,1,Abnormal
111,87,99.9,1,Abnormal
42,75,92.1,0,Abnormal
121,83,91.7,0,Moderate
60,73,89.4,0,Moderate
73,67,93.0,1,Abnormal
95,94,98.8,0,Normal
120,82,97.1,1,Abnormal
142,82,92.8,1,Abnormal
90,74,103.3,1,Abnormal
140,96,89.0,0,Moderate
88,76,87.0,1,Abnormal
138,74,102.7,1,Abnormal
65,66,95.5,0,Moderate
65,63,94.5,1,Abnormal
126,86,88.1,1,Abnormal
96,84,105.5,0,Moderate
87,62,105.0,0,Abnormal
70,79,109.1,1,Abnormal
101,65,103.6,0,Abnormal
68,100,107.7,0,Moderate
51,98,89.4,1,Abnormal
82,70,88.7,0,Moderate
70,78,105.2,0,Abnormal
134,72,98.1,0,Abnormal
122,67,88.1,1,Abnormal
110,70,96.2,0,Moderate
123,85,107.5,0,Moderate
68,84,89.9,1,Abnormal
85,79,89.6,1,Abnormal
63,72,109.1,0,Moderate
121,94,108.8,1,Abnormal
106,72,101.9,1,Abnormal
65,68,104.6,0,Moderate
88,76,105.0,1,Abnormal
108,72,106.9,0,Moderate
57,91,102.0,1,Abnormal
82,82,85.4,0,Moderate
131,77,93.2,0,Abnormal
51,83,88.7,1,Abnormal
50,63,102.9,0,Abnormal
69,87,107.7,1,Abnormal
45,60,102.6,1,Abnormal
139,77,102.8,1,Abnormal
60,65,100.3,1,Abnormal
126,100,90.3,1,Abnormal
149,92,107.0,1,Abnormal
68,61,100.9,1,Abnormal
88,92,103.2,1,Abnormal
146,67,105.2,1,Abnormal
87,72,92.9,0,Abnormal
110,88,87.1,1,Abnormal
48,91,88.1,0,Moderate
62,91,93.9,1,Abnormal
52,72,88.9,1,Abnormal
110,98,85.2,0,Moderate
44,94,101.6,1,Abnormal
84,94,94.4,1,Abnormal
99,75,85.8,0,Abnormal
147,84,92.5,1,Abnormal
63,62,92.1,0,Moderate
66,97,90.6,0,Moderate
75,82,98.7,0,Moderate
127,71,108.9,0,Abnormal
56,65,104.3,1,Abnormal
115,69,108.3,0,Moderate
93,61,93.2,0,Abnormal
76,74,88.4,1,Abnormal
127,82,95.4,1,Abnormal
111,62,107.0,1,Abnormal
94,69,107.7,0,Abnormal
119,96,86.7,0,Moderate
141,68,108.5,1,Abnormal
74,81,94.1,1,Abnormal
43,78,89.3,0,Moderate
85,93,107.9,1,Abnormal
133,81,99.4,0,Moderate
118,98,99.1,0,Moderate
82,69,90.6,0,Abnormal
78,74,101.1,0,Moderate
50,65,87.5,1,Abnormal
98,91,99.7,0,Normal
59,66,90.9,0,Abnormal
104,76,100.5,0,Moderate
139,76,93.8,1,Abnormal
137,85,89.1,1,Abnormal
72,61,105.8,1,Abnormal
41,88,93.5,1,Abnormal
76,83,94.3,0,Moderate
98,75,96.3,1,Abnormal
125,81,106.7,0,Moderate
125,61,110.0,1,Abnormal
113,91,88.1,0,Moderate
88,74,107.6,0,Abnormal
130,61,105.3,0,Abnormal
59,98,99.8,0,Abnormal
129,79,85.9,1,Abnormal
118,60,100.3,0,Moderate
63,76,85.3,0,Moderate
110,66,92.4,1,Abnormal
62,73,99.0,0,Moderate
126,97,91.7,1,Abnormal
123,96,90.0,0,Abnormal
131,87,89.5,1,Abnormal
71,88,90.6,0,Normal
131,97,102.4,0,Abnormal
105,100,97.3,0,Normal
43,100,85.4,0,Abnormal
107,84,107.1,0,Moderate
69,78,99.1,0,Moderate
96,70,108.9,1,Abnormal
138,76,93.9,0,Abnormal
84,75,86.5,1,Abnormal
107,100,104.5,0,Moderate
55,100,93.4,1,Abnormal
56,70,91.5,1,Abnormal
96,86,98.1,1,Abnormal
132,87,97.6,0,Abnormal
118,91,87.4,1,Abnormal
78,66,92.4,1,Abnormal
108,94,105.7,0,Moderate
56,100,103.3,0,Abnormal
129,91,94.4,0,Abnormal
124,88,86.7,0,Abnormal
128,78,99.5,0,Abnormal
52,71,108.4,0,Abnormal
48,69,89.5,0,Moderate
53,82,106.8,1,Abnormal
71,93,91.7,0,Normal
150,84,109.5,0,Moderate
116,66,106.7,0,Moderate
42,94,105.0,1,Abnormal
50,61,89.3,0,Moderate
61,90,85.4,1,Abnormal
61,74,98.7,1,Abnormal
150,65,104.8,1,Abnormal
122,84,87.9,0,Moderate
56,60,107.3,0,Abnormal
55,69,85.5,1,Abnormal
68,76,89.2,1,Abnormal
144,98,91.7,0,Abnormal
98,70,85.5,1,Abnormal
44,74,106.5,0,Abnormal
69,62,107.6,0,Moderate
124,62,100.7,1,Abnormal
133,86,109.4,0,Abnormal
45,71,87.2,0,Abnormal
122,74,106.0,1,Abnormal
83,62,106.5,1,Abnormal
73,99,92.2,0,Normal
53,93,91.5,0,Abnormal
143,63,100.5,1,Abnormal
128,90,93.0,1,Abnormal
46,74,98.3,1,Abnormal
45,73,104.8,0,Abnormal
116,90,91.8,1,Abnormal
66,77,96.9,0,Moderate
126,90,87.3,0,Abnormal
150,67,109.4,1,Abnormal
69,67,109.8,1,Abnormal
127,85,99.6,1,Abnormal
91,100,106.0,1,Abnormal
124,93,104.9,1,Abnormal
135,83,98.4,0,Moderate
62,61,101.5,0,Moderate
107,68,87.9,1,Abnormal
44,69,96.5,0,Abnormal
42,76,91.8,0,Abnormal
103,85,96.5,0,Moderate
112,77,101.3,0,Moderate
53,90,109.8,1,Abnormal
52,71,105.0,1,Abnormal
109,60,86.9,0,Moderate
115,84,93.4,1,Abnormal
119,78,88.0,1,Abnormal
116,86,101.4,0,Moderate
110,70,88.8,1,Abnormal
136,66,103.9,1,Abnormal
67,68,99.4,1,Abnormal
87,100,90.7,1,Abnormal
50,63,104.6,0,Abnormal
94,71,98.1,0,Abnormal
75,83,99.8,1,Abnormal
127,97,101.3,0,Moderate
129,66,101.0,1,Abnormal
116,98,104.9,0,Moderate
46,86,91.9,1,Abnormal
46,91,107.9,0,Abnormal
43,74,86.1,0,Abnormal
121,92,103.4,0,Abnormal
88,85,93.9,1,Abnormal
96,89,99.4,1,Abnormal
116,60,100.9,1,Abnormal
57,69,108.9,1,Abnormal
130,92,85.7,1,Abnormal
123,77,107.4,0,Abnormal
69,92,93.9,1,Abnormal
96,77,86.5,1,Abnormal
81,71,94.8,1,Abnormal
147,89,90.8,1,Abnormal
74,77,93.7,0,Abnormal
133,60,107.5,1,Abnormal
77,93,88.8,0,Moderate
52,75,106.3,0,Abnormal
75,94,100.0,1,Abnormal
80,87,85.7,1,Abnormal
43,78,94.4,1,Abnormal
84,67,87.3,0,Abnormal
133,77,97.4,0,Abnormal
90,80,96.3,0,Moderate
105,80,96.8,1,Abnormal
83,61,97.2,0,Abnormal
78,78,85.3,1,Abnormal
90,96,102.9,1,Abnormal
127,83,107.8,0,Moderate
62,95,88.7,0,Moderate
51,84,103.0,0,Moderate
144,68,87.2,0,Abnormal
86,89,96.4,0,Normal
64,82,97.5,1,Abnormal
43,72,98.0,1,Abnormal
107,90,108.6,0,Moderate
56,88,98.6,0,Abnormal
70,60,105.9,0,Abnormal
48,85,87.6,1,Abnormal
119,89,86.1,0,Moderate
50,96,101.0,0,Moderate
141,68,98.9,1,Abnormal
52,95,88.9,0,Moderate
53,82,104.8,0,Moderate
50,97,104.2,0,Abnormal
141,75,94.6,0,Abnormal
73,76,104.1,0,Abnormal
140,63,93.4,1,Abnormal
123,74,101.5,1,Abnormal
82,83,98.6,0,Moderate
101,73,91.1,1,Abnormal
120,77,94.4,0,Moderate
137,84,104.9,1,Abnormal
59,78,86.8,1,Abnormal
122,76,100.3,1,Abnormal
42,77,97.8,1,Abnormal
92,81,103.9,0,Moderate
147,64,101.8,0,Moderate
94,98,86.4,1,Abnormal
139,68,104.5,0,Abnormal
105,66,98.6,1,Abnormal
99,61,109.9,0,Abnormal
73,74,104.7,1,Abnormal
51,67,96.9,1,Abnormal
63,88,87.9,1,Abnormal
45,96,92.3,0,Abnormal
88,85,92.9,0,Moderate
108,85,105.4,0,Moderate
103,94,97.0,0,Normal
55,79,104.3,1,Abnormal
108,95,100.0,1,Abnormal
141,96,106.0,1,Abnormal
53,95,108.2,1,Abnormal
123,77,95.5,1,Abnormal
59,69,101.0,1,Abnormal
124,100,106.5,0,Abnormal
81,83,85.7,0,Moderate
122,69,96.6,0,Abnormal
91,82,98.4,1,Abnormal
110,90,95.4,1,Abnormal
72,68,90.1,1,Abnormal
122,71,106.8,0,Abnormal
41,93,92.9,1,Abnormal
52,62,103.5,0,Abnormal
127,96,106.0,1,Abnormal
96,79,98.9,1,Abnormal
54,68,91.9,0,Abnormal
129,61,90.6,1,Abnormal
72,68,107.5,0,Abnormal
44,91,92.6,0,Abnormal
71,93,92.3,0,Normal
63,91,104.8,0,Moderate
132,96,102.9,1,Abnormal
58,85,99.7,0,Moderate
140,60,106.6,1,Abnormal
140,81,86.3,0,Moderate
63,87,90.3,0,Moderate
50,75,100.4,1,Abnormal
87,82,101.1,1,Abnormal
62,61,88.2,0,Moderate
63,82,107.3,1,Abnormal
72,60,109.8,1,Abnormal
113,73,90.3,1,Abnormal
106,100,104.3,0,Moderate
53,81,94.4,1,Abnormal
144,61,89.5,0,Moderate
132,69,88.8,0,Moderate
107,81,103.1,1,Abnormal
146,85,100.8,1,Abnormal
109,70,104.9,1,Abnormal
61,78,86.2,1,Abnormal
77,75,90.9,1,Abnormal
143,89,106.7,1,Abnormal
150,77,107.7,1,Abnormal
50,96,87.3,1,Abnormal
139,87,93.7,0,Abnormal
89,90,100.1,1,Abnormal
147,61,89.9,0,Moderate
57,96,110.0,0,Abnormal
70,60,90.9,1,Abnormal
89,68,101.5,1,Abnormal
110,77,108.9,0,Moderate
86,87,97.9,0,Normal
142,77,98.1,0,Abnormal
100,85,97.6,0,Moderate
50,67,86.8,1,Abnormal
126,67,103.2,0,Abnormal
98,91,101.9,1,Abnormal
93,90,95.7,0,Normal
114,77,97.4,1,Abnormal
57,67,98.1,1,Abnormal
86,65,99.8,1,Abnormal
69,92,108.8,0,Moderate
68,74,101.8,0,Moderate
132,80,86.3,1,Abnormal
45,89,86.5,0,Abnormal
132,63,85.0,0,Abnormal
97,81,98.1,1,Abnormal
62,71,89.1,0,Moderate
145,83,86.6,0,Moderate
122,75,109.8,1,Abnormal
85,62,105.2,0,Abnormal
60,61,96.5,0,Moderate
124,64,89.9,0,Moderate
114,75,101.5,1,Abnormal
123,73,89.4,1,Abnormal
129,95,87.9,1,Abnormal
106,89,100.9,1,Abnormal
69,74,104.4,1,Abnormal
43,64,90.8,1,Abnormal
123,69,90.0,1,Abnormal
106,86,107.5,0,Moderate
70,81,106.0,1,Abnormal
48,63,99.9,1,Abnormal
133,65,96.9,1,Abnormal
108,63,100.9,0,Moderate
80,62,100.3,1,Abnormal
63,66,108.0,1,Abnormal
124,65,100.4,1,Abnormal
48,80,94.0,1,Abnormal
149,84,96.7,0,Moderate
84,86,103.1,0,Abnormal
83,95,86.5,1,Abnormal
137,74,94.7,0,Abnormal
47,92,103.9,0,Abnormal
149,60,92.7,1,Abnormal
99,63,94.5,0,Abnormal
113,99,86.6,1,Abnormal
139,94,103.2,0,Abnormal
42,66,101.7,1,Abnormal
125,98,89.8,1,Abnormal
106,60,86.6,1,Abnormal
60,62,96.2,0,Moderate
95,85,85.4,0,Moderate
140,61,88.7,1,Abnormal
137,69,109.2,1,Abnormal
145,63,108.4,0,Abnormal
132,61,91.1,0,Abnormal
129,80,93.1,0,Moderate
42,84,107.3,0,Moderate
75,62,98.0,1,Abnormal
140,91,97.5,1,Abnormal
79,80,96.7,0,Moderate
45,95,108.5,1,Abnormal
128,68,94.8,0,Abnormal
121,90,99.0,0,Abnormal
150,67,104.2,0,Abnormal
109,64,85.7,0,Moderate
68,99,100.6,1,Abnormal
130,80,94.3,1,Abnormal
83,61,87.2,0,Abnormal
126,99,96.2,0,Abnormal
69,64,93.5,1,Abnormal
96,78,105.5,1,Abnormal
79,80,97.4,1,Abnormal
46,79,100.2,0,Moderate
138,90,96.1,0,Abnormal
104,91,106.1,0,Abnormal
122,72,86.0,0,Abnormal
125,62,97.8,1,Abnormal
88,82,88.0,0,Moderate
95,89,109.8,1,Abnormal
132,74,101.2,1,Abnormal
112,65,98.1,0,Moderate
129,73,87.7,0,Abnormal
131,84,103.7,0,Moderate
136,65,100.1,1,Abnormal
73,98,101.9,0,Moderate
147,70,95.5,0,Abnormal
91,100,101.7,0,Moderate
134,89,94.8,1,Abnormal
42,90,97.3,0,Abnormal
41,99,102.2,0,Abnormal
97,78,89.9,1,Abnormal
140,97,107.3,0,Abnormal
100,97,105.0,0,Abnormal
103,96,105.8,0,Abnormal
108,93,107.3,0,Moderate
81,100,101.1,0,Moderate
99,73,107.4,1,Abnormal
142,96,104.0,0,Abnormal
101,69,102.9,1,Abnormal
128,72,95.7,0,Abnormal
51,90,97.1,1,Abnormal
66,67,108.0,0,Moderate
98,66,109.0,1,Abnormal
129,95,99.2,0,Abnormal
141,70,96.4,1,Abnormal
147,76,94.4,0,Abnormal
111,94,100.9,0,Moderate
64,71,89.5,1,Abnormal
85,98,103.0,1,Abnormal
57,94,85.0,1,Abnormal
99,70,109.5,1,Abnormal
124,72,109.6,0,Abnormal
52,71,92.5,1,Abnormal
110,99,96.3,0,Moderate
65,74,85.7,1,Abnormal
131,86,94.9,1,Abnormal
108,78,106.8,1,Abnormal
126,100,92.4,1,Abnormal
115,98,100.5,0,Moderate
60,100,94.6,0,Moderate
101,68,104.3,0,Abnormal
73,75,106.7,0,Abnormal
147,89,86.4,0,Abnormal
90,82,106.8,0,Moderate
62,83,103.7,0,Moderate
122,94,87.0,0,Abnormal
113,72,106.2,1,Abnormal
115,64,102.7,0,Moderate
107,61,97.1,1,Abnormal
44,60,101.1,1,Abnormal
42,100,107.3,1,Abnormal
96,98,101.6,1,Abnormal
88,65,90.5,0,Abnormal
76,95,96.1,0,Normal
70,68,105.1,0,Abnormal
148,100,86.5,0,Abnormal
114,64,107.4,0,Moderate
62,79,88.8,0,Moderate
112,67,89.1,1,Abnormal
63,91,94.1,1,Abnormal
90,88,99.1,1,Abnormal
137,79,95.3,0,Abnormal
92,79,89.6,1,Abnormal
111,91,95.8,0,Moderate
79,77,92.8,1,Abnormal
141,88,89.4,1,Abnormal
41,99,107.0,1,Abnormal
146,81,101.0,1,Abnormal
144,70,95.4,1,Abnormal
89,83,100.4,0,Moderate
58,99,90.6,1,Abnormal
145,91,88.9,1,Abnormal
107,92,105.6,1,Abnormal
72,82,97.7,1,Abnormal
87,99,97.3,0,Normal
89,76,90.0,0,Abnormal
68,61,100.6,0,Moderate
147,88,101.0,1,Abnormal
58,90,101.2,0,Moderate
56,74,89.6,0,Moderate
120,76,93.2,0,Moderate
103,67,97.6,0,Abnormal
104,98,94.7,1,Abnormal
89,61,98.1,1,Abnormal
90,62,87.5,0,Abnormal
95,66,93.0,1,Abnormal
136,80,103.3,1,Abnormal
142,61,98.3,1,Abnormal
99,100,102.9,1,Abnormal
87,71,96.9,1,Abnormal
124,74,96.8,0,Abnormal
76,61,106.9,0,Abnormal
77,74,108.9,1,Abnormal
48,64,87.0,1,Abnormal
137,91,89.7,0,Moderate
97,77,92.2,0,Abnormal
91,69,109.7,0,Abnormal
43,99,104.0,0,Abnormal
148,87,91.9,0,Abnormal
82,95,102.1,0,Abnormal
149,70,97.2,1,Abnormal
117,72,106.4,0,Moderate
100,68,91.4,0,Abnormal
139,94,102.2,0,Abnormal
109,63,105.8,1,Abnormal
59,99,98.0,0,Abnormal
41,76,88.3,1,Abnormal
115,91,97.8,1,Abnormal
82,90,104.3,0,Abnormal
65,85,100.4,1,Abnormal
42,60,91.6,1,Abnormal
149,65,100.0,0,Abnormal
96,67,106.1,1,Abnormal
145,77,87.3,0,Abnormal
117,64,99.3,0,Moderate
61,98,85.5,0,Moderate
68,65,105.9,1,Abnormal
43,91,90.3,0,Abnormal
58,91,91.6,0,Abnormal
102,70,107.3,1,Abnormal
71,92,89.6,1,Abnormal
92,84,109.6,1,Abnormal
144,79,108.0,1,Abnormal
117,98,94.6,0,Moderate
125,85,98.8,1,Abnormal
57,74,108.6,0,Abnormal
83,78,87.7,1,Abnormal
116,72,90.1,1,Abnormal
41,82,93.5,0,Moderate
54,92,86.5,0,Abnormal
62,87,85.4,0,Moderate
124,74,106.6,1,Abnormal
147,76,87.5,1,Abnormal
89,97,94.2,1,Abnormal
108,65,87.5,1,Abnormal
86,72,86.3,0,Abnormal
52,100,90.7,1,Abnormal
89,78,92.1,1,Abnormal
101,65,94.1,0,Abnormal
62,60,109.0,1,Abnormal
108,98,100.8,0,Moderate
72,87,100.6,1,Abnormal
119,90,95.8,1,Abnormal
50,83,105.2,0,Moderate
143,100,102.3,0,Abnormal
102,82,88.9,1,Abnormal
74,63,86.7,1,Abnormal
103,81,86.8,0,Moderate
76,61,94.6,0,Abnormal
145,62,88.1,1,Abnormal
139,77,109.2,1,Abnormal
134,76,98.9,1,Abnormal
55,73,98.0,1,Abnormal
47,85,88.9,1,Abnormal
142,66,99.3,1,Abnormal
129,95,105.4,1,Abnormal
134,84,99.9,1,Abnormal
147,95,108.0,1,Abnormal
149,99,93.7,0,Abnormal
135,81,102.3,0,Moderate
118,88,98.7,0,Moderate
72,94,103.2,1,Abnormal
122,75,99.7,0,Abnormal
69,63,86.3,1,Abnormal
40,67,85.2,0,Abnormal
127,67,107.4,0,Abnormal
95,68,88.4,1,Abnormal
96,72,102.7,1,Abnormal
65,85,86.3,0,Moderate
92,87,98.0,0,Normal
104,61,94.1,1,Abnormal
115,98,85.7,1,Abnormal
78,100,88.7,1,Abnormal
141,82,89.2,1,Abnormal
145,98,108.4,0,Abnormal
45,92,91.8,0,Abnormal
46,97,99.0,1,Abnormal
125,70,103.5,0,Abnormal
116,85,109.4,0,Moderate
48,88,93.1,0,Abnormal
126,78,106.7,0,Abnormal
79,60,86.8,1,Abnormal
49,70,106.0,1,Abnormal
42,91,99.8,0,Abnormal
82,65,85.2,1,Abnormal
100,96,87.4,1,Abnormal
115,90,100.6,0,Moderate
56,67,90.6,1,Abnormal
42,84,87.0,0,Moderate
82,96,108.3,1,Abnormal
42,85,100.0,1,Abnormal
136,63,108.5,0,Abnormal
87,73,93.9,1,Abnormal
128,84,103.8,0,Moderate
95,66,98.6,1,Abnormal
137,88,106.3,0,Abnormal
137,96,108.4,0,Abnormal
112,61,90.4,0,Moderate
139,85,97.2,0,Moderate
77,100,92.6,1,Abnormal
110,97,93.9,1,Abnormal
120,90,106.1,1,Abnormal
104,72,102.4,1,Abnormal
93,72,89.3,1,Abnormal
42,98,104.1,0,Abnormal
127,72,101.9,1,Abnormal
103,66,109.9,0,Abnormal
113,88,92.2,0,Moderate
139,87,95.3,0,Abnormal
77,65,92.7,0,Abnormal
58,94,87.0,0,Abnormal
42,74,94.9,1,Abnormal
89,77,98.1,0,Abnormal
55,60,97.9,0,Abnormal
132,68,93.5,1,Abnormal
107,62,107.0,0,Moderate
77,85,100.7,1,Abnormal
50,84,85.8,0,Moderate
117,67,101.3,1,Abnormal
123,65,107.2,1,Abnormal
60,82,96.4,0,Moderate
133,74,88.6,1,Abnormal
51,80,98.8,1,Abnormal
134,85,90.0,1,Abnormal
112,80,106.3,0,Moderate
62,76,98.7,1,Abnormal
68,63,96.3,1,Abnormal
48,96,105.3,0,Abnormal
139,60,104.6,0,Abnormal
62,84,94.9,1,Abnormal
87,90,91.8,0,Normal
114,96,107.1,1,Abnormal
125,74,106.9,0,Abnormal
148,98,109.3,0,Abnormal
112,98,106.1,0,Moderate
69,93,100.9,1,Abnormal
61,60,87.3,0,Moderate
122,76,88.4,0,Moderate
109,65,97.1,0,Moderate
116,96,99.2,0,Moderate
135,72,104.3,1,Abnormal
83,77,108.3,0,Abnormal
133,65,86.2,0,Abnormal
129,83,89.0,1,Abnormal
113,84,85.8,1,Abnormal
138,63,93.1,1,Abnormal
60,71,89.8,1,Abnormal
42,83,103.7,0,Moderate
97,76,105.4,0,Abnormal
43,74,92.9,0,Abnormal
48,91,90.5,0,Abnormal
104,64,98.0,0,Abnormal
113,94,108.0,0,Moderate
102,69,86.1,1,Abnormal
113,74,93.2,0,Moderate
40,92,104.2,0,Abnormal
65,66,92.9,1,Abnormal
59,68,100.6,0,Moderate
148,93,105.7,1,Abnormal
93,72,105.9,1,Abnormal
94,75,99.7,0,Abnormal
132,69,86.0,1,Abnormal
121,60,105.8,0,Abnormal
142,78,96.4,0,Abnormal
65,88,108.2,1,Abnormal
129,82,97.7,1,Abnormal
124,72,105.0,0,Abnormal
40,85,106.4,1,Abnormal
90,76,105.2,0,Abnormal
76,76,98.3,0,Abnormal
49,99,95.6,0,Abnormal
52,90,103.2,1,Abnormal
111,82,93.0,1,Abnormal
85,84,94.0,1,Abnormal
43,85,102.6,0,Moderate
121,80,107.8,0,Moderate
72,79,104.7,0,Abnormal
115,63,99.4,0,Moderate
141,62,85.8,0,Abnormal
59,81,102.6,1,Abnormal
103,65,104.9,0,Abnormal
74,80,97.5,1,Abnormal
46,92,98.4,0,Abnormal
56,84,95.2,1,Abnormal
51,90,85.5,1,Abnormal
90,74,86.9,0,Abnormal
115,85,108.3,0,Moderate
70,86,85.3,0,Abnormal
111,98,102.4,0,Moderate
113,91,106.3,0,Moderate
147,92,88.3,1,Abnormal
82,98,102.1,0,Abnormal
119,74,97.4,0,Moderate
50,69,86.6,1,Abnormal
106,60,97.9,0,Moderate
76,66,108.8,0,Abnormal
147,78,86.9,0,Abnormal
54,87,101.4,1,Abnormal
103,73,93.3,0,Abnormal
65,95,94.5,0,Moderate
73,69,100.6,0,Moderate
44,94,99.0,0,Abnormal
70,62,87.8,0,Abnormal
86,84,93.5,1,Abnormal
117,66,109.0,0,Moderate
76,94,98.5,0,Normal
126,64,102.0,0,Moderate
84,62,106.0,0,Abnormal
88,64,108.2,0,Abnormal
84,87,104.9,0,Abnormal
84,98,98.0,0,Normal
72,74,91.9,0,Abnormal
79,65,104.8,0,Abnormal
144,67,86.5,0,Abnormal
45,78,88.7,0,Moderate
98,93,95.4,1,Abnormal
81,95,101.5,1,Abnormal
118,60,97.5,0,Moderate
113,86,95.7,1,Abnormal
140,82,104.8,0,Moderate
75,76,86.5,0,Abnormal
128,95,105.5,1,Abnormal
129,84,90.9,1,Abnormal
58,98,102.0,0,Moderate
113,70,94.7,0,Moderate
42,90,93.7,1,Abnormal
87,91,91.4,0,Normal
78,82,106.0,0,Moderate
107,96,103.6,1,Abnormal
95,66,100.5,1,Abnormal
88,93,106.5,0,Abnormal
83,100,95.8,1,Abnormal
118,93,93.1,1,Abnormal
137,75,97.1,1,Abnormal
119,88,93.6,1,Abnormal
42,82,92.4,0,Moderate
89,61,107.2,0,Abnormal
51,95,85.0,1,Abnormal
58,65,94.0,1,Abnormal
115,61,99.2,0,Moderate
92,94,91.0,0,Normal
116,89,94.1,1,Abnormal
127,84,89.9,1,Abnormal
85,64,92.2,0,Abnormal
68,60,101.0,1,Abnormal
56,80,108.7,1,Abnormal
54,88,105.5,1,Abnormal
113,95,102.8,0,Moderate
76,63,107.2,0,Abnormal
104,74,91.6,1,Abnormal
47,67,104.9,0,Abnormal
74,91,98.5,1,Abnormal
43,60,85.1,1,Abnormal
121,81,106.8,1,Abnormal
104,68,105.5,0,Abnormal
91,83,93.2,0,Moderate
106,95,96.8,0,Moderate
52,71,98.3,0,Abnormal
43,76,100.7,1,Abnormal
102,82,98.6,1,Abnormal
74,90,91.0,1,Abnormal
66,87,99.0,1,Abnormal
123,84,107.9,0,Moderate
44,89,108.7,1,Abnormal
112,87,88.1,0,Moderate
54,92,96.6,0,Abnormal
72,90,86.7,1,Abnormal
140,64,104.2,0,Abnormal
106,90,90.7,0,Moderate
138,79,93.0,1,Abnormal
117,63,94.9,1,Abnormal
98,99,97.3,1,Abnormal
100,94,105.0,1,Abnormal
70,90,88.3,0,Moderate
66,68,96.0,0,Moderate
128,84,108.7,1,Abnormal
98,95,86.4,1,Abnormal
58,80,93.7,1,Abnormal
98,98,102.7,1,Abnormal
123,80,91.0,1,Abnormal
92,78,100.0,0,Abnormal
145,100,91.1,1,Abnormal
56,82,87.4,0,Moderate
55,65,87.4,0,Abnormal
117,76,102.6,1,Abnormal
98,96,86.5,0,Abnormal
46,98,97.8,1,Abnormal
122,98,105.4,1,Abnormal
112,97,106.6,0,Moderate
49,61,107.1,1,Abnormal
74,80,91.3,1,Abnormal
64,64,97.9,1,Abnormal
43,60,86.7,1,Abnormal
85,88,87.1,1,Abnormal
127,61,96.0,0,Abnormal
47,92,94.4,0,Abnormal
59,82,105.8,1,Abnormal
87,99,102.6,1,Abnormal
97,85,102.3,0,Moderate
130,63,86.7,1,Abnormal
107,100,108.4,1,Abnormal
134,90,101.9,0,Moderate
56,62,95.4,1,Abnormal
74,95,106.8,0,Abnormal
56,70,101.1,0,Moderate
45,68,90.9,1,Abnormal
122,95,96.6,0,Abnormal
55,100,95.6,0,Abnormal
92,62,91.0,1,Abnormal
104,85,108.6,0,Moderate
143,81,97.1,0,Moderate
71,69,102.9,0,Abnormal
130,69,94.2,1,Abnormal
52,77,100.9,1,Abnormal
131,63,85.9,1,Abnormal
131,90,98.2,0,Abnormal
107,78,88.2,0,Moderate
100,84,104.0,1,Abnormal
47,90,88.0,0,Moderate
62,93,94.2,0,Moderate
68,61,95.4,0,Moderate
99,83,109.7,1,Abnormal
111,74,102.9,1,Abnormal
127,82,92.7,0,Moderate
148,100,87.0,0,Abnormal
83,67,90.2,0,Abnormal
137,92,109.3,1,Abnormal
63,68,91.2,0,Moderate
56,86,96.4,0,Abnormal
85,79,109.8,1,Abnormal
137,89,90.3,0,Abnormal
128,81,98.8,0,Moderate
46,68,85.9,1,Abnormal
63,60,102.1,1,Abnormal
64,96,88.5,1,Abnormal
150,83,102.9,0,Moderate
149,72,107.3,0,Abnormal
124,62,96.7,1,Abnormal
126,74,97.6,1,Abnormal
121,83,105.5,1,Abnormal
41,60,97.7,1,Abnormal
106,97,92.8,1,Abnormal
86,75,107.0,0,Abnormal
44,93,109.4,1,Abnormal
45,92,104.6,0,Abnormal
54,83,87.7,0,Moderate
121,88,88.9,0,Moderate
63,91,101.3,0,Moderate
40,98,90.1,0,Abnormal
70,93,95.6,1,Abnormal
141,88,95.2,1,Abnormal
97,95,97.7,1,Abnormal
150,87,85.4,1,Abnormal
111,78,108.4,1,Abnormal
41,86,95.0,1,Abnormal
42,83,108.3,0,Moderate
46,65,99.7,1,Abnormal
146,83,105.7,0,Moderate
109,79,90.3,0,Moderate
107,82,95.1,0,Moderate
149,62,89.1,1,Abnormal
64,83,88.3,1,Abnormal
91,75,88.8,1,Abnormal
57,80,92.7,1,Abnormal
139,71,96.2,1,Abnormal
147,67,108.3,1,Abnormal
76,65,90.5,0,Abnormal
141,96,105.9,0,Abnormal
125,73,105.9,1,Abnormal
113,97,88.8,1,Abnormal
133,81,97.9,1,Abnormal
72,83,91.2,1,Abnormal
80,62,87.1,0,Abnormal
59,82,109.5,1,Abnormal
103,79,95.3,0,Abnormal
108,80,103.8,1,Abnormal
59,91,103.1,1,Abnormal
120,69,100.0,1,Abnormal
140,90,90.0,1,Abnormal
113,61,97.5,1,Abnormal
141,90,90.9,0,Abnormal
120,73,93.7,0,Moderate
44,96,85.5,1,Abnormal
146,74,99.1,0,Abnormal
86,92,92.4,1,Abnormal
75,66,92.4,0,Abnormal
116,98,108.4,1,Abnormal
136,96,95.8,0,Abnormal
128,66,98.4,0,Abnormal
40,89,94.0,0,Abnormal
68,67,105.6,0,Moderate
105,66,94.3,1,Abnormal
96,98,102.4,1,Abnormal
126,76,85.2,1,Abnormal
100,100,97.9,1,Abnormal
98,68,88.1,1,Abnormal
137,90,85.9,0,Abnormal
48,90,100.0,1,Abnormal
75,76,101.9,1,Abnormal
81,78,106.9,0,Abnormal
105,81,96.1,1,Abnormal
70,62,108.5,0,Abnormal
112,79,92.6,1,Abnormal
132,69,101.2,0,Moderate
67,88,85.1,0,Moderate
135,100,98.2,1,Abnormal
40,60,107.5,1,Abnormal
63,100,97.2,1,Abnormal
88,95,92.7,1,Abnormal
137,77,85.9,0,Abnormal
60,81,95.9,1,Abnormal
147,83,88.8,1,Abnormal
142,87,92.0,0,Abnormal
54,65,87.7,1,Abnormal
139,65,104.8,0,Abnormal
116,84,88.9,1,Abnormal
50,66,99.6,1,Abnormal
54,60,95.6,0,Abnormal
56,87,91.4,1,Abnormal
52,90,86.0,0,Abnormal
53,77,93.0,1,Abnormal
52,96,102.4,0,Abnormal
130,97,95.1,1,Abnormal
89,70,85.9,1,Abnormal
107,94,86.8,0,Moderate
57,90,107.7,0,Abnormal
88,94,86.4,0,Abnormal
131,92,96.1,0,Abnormal
133,89,85.9,0,Abnormal
45,98,98.7,1,Abnormal
47,75,100.6,1,Abnormal
134,90,106.8,1,Abnormal
126,62,103.5,1,Abnormal
90,65,105.9,1,Abnormal
132,76,98.2,1,Abnormal
144,61,88.0,0,Moderate
120,78,90.8,1,Abnormal
128,97,91.2,0,Abnormal
130,60,105.9,0,Abnormal
134,96,98.3,1,Abnormal
108,70,87.2,0,Moderate
125,100,85.9,0,Abnormal
81,63,103.5,0,Abnormal
135,60,100.4,1,Abnormal
126,79,86.4,0,Abnormal
66,76,94.0,1,Abnormal
116,64,98.8,1,Abnormal
108,96,96.3,1,Abnormal
107,76,92.0,1,Abnormal
124,70,91.6,1,Abnormal
89,86,94.0,1,Abnormal
52,62,103.7,1,Abnormal
95,86,109.8,1,Abnormal
148,72,88.5,0,Moderate
74,87,108.5,0,Abnormal
87,88,92.7,1,Abnormal
71,64,106.7,0,Abnormal
140,82,91.9,1,Abnormal
83,89,102.4,0,Abnormal
59,81,94.2,0,Moderate
68,74,100.9,0,Moderate
88,85,107.1,0,Moderate
85,66,87.7,0,Abnormal
129,86,94.5,0,Abnormal
67,100,91.9,0,Moderate
69,98,94.3,0,Moderate
106,80,94.6,1,Abnormal
79,84,91.3,1,Abnormal
65,63,92.9,1,Abnormal
136,86,96.8,1,Abnormal
42,61,94.1,1,Abnormal
103,60,107.5,0,Abnormal
122,95,106.1,1,Abnormal
76,82,91.9,0,Moderate
112,89,102.0,1,Abnormal
115,81,105.6,1,Abnormal
144,85,89.6,1,Abnormal
80,67,102.2,1,Abnormal
118,82,93.7,1,Abnormal
102,99,105.9,0,Abnormal
56,70,92.9,0,Abnormal
132,90,102.4,1,Abnormal
96,66,109.3,0,Abnormal
52,74,96.7,1,Abnormal
102,61,85.7,1,Abnormal
146,97,107.8,0,Abnormal
98,60,103.7,1,Abnormal
54,69,97.9,1,Abnormal
72,67,93.2,1,Abnormal
142,65,89.5,0,Moderate
95,89,109.6,0,Abnormal
92,89,98.3,1,Abnormal
131,97,108.2,0,Abnormal
145,62,101.9,1,Abnormal
98,96,93.8,1,Abnormal
124,76,101.0,1,Abnormal
66,99,107.6,1,Abnormal
90,89,102.6,0,Abnormal
133,84,98.3,1,Abnormal
77,62,96.2,0,Abnormal
50,84,105.4,0,Moderate
135,63,97.1,0,Abnormal
113,60,94.9,1,Abnormal
131,81,89.0,1,Abnormal
103,85,93.8,1,Abnormal
60,76,85.2,1,Abnormal
71,88,93.6,0,Normal
138,73,106.8,1,Abnormal
97,81,86.0,0,Moderate
145,73,92.4,1,Abnormal
77,91,100.2,0,Moderate
146,98,94.5,0,Abnormal
85,89,104.9,0,Abnormal
60,88,92.8,1,Abnormal
63,81,97.3,0,Moderate
116,87,103.2,0,Moderate
108,95,106.1,0,Moderate
63,89,86.1,0,Moderate
92,99,95.2,1,Abnormal
47,92,99.7,0,Abnormal
76,68,100.4,0,Moderate
47,73,109.2,0,Abnormal
118,69,85.7,1,Abnormal
132,68,106.4,1,Abnormal
137,90,88.5,1,Abnormal
100,65,86.1,0,Abnormal
57,85,87.7,1,Abnormal
107,88,99.9,1,Abnormal
59,70,109.1,1,Abnormal
47,88,88.3,0,Moderate
144,95,106.4,1,Abnormal
113,94,99.4,0,Moderate
73,89,90.8,1,Abnormal
107,66,109.8,0,Moderate
49,77,102.6,1,Abnormal
67,96,104.0,0,Moderate
137,95,91.8,0,Abnormal
65,83,107.8,0,Moderate
89,92,97.7,0,Normal
41,92,103.2,0,Abnormal
77,92,100.5,1,Abnormal
71,88,106.6,1,Abnormal
55,72,109.3,0,Abnormal
148,64,99.1,0,Abnormal
85,72,101.4,1,Abnormal
110,82,108.0,0,Moderate
94,76,98.1,1,Abnormal
115,100,97.3,0,Moderate
61,94,89.6,0,Moderate
113,97,104.3,1,Abnormal
128,74,103.7,0,Abnormal
80,83,102.5,1,Abnormal
112,91,102.4,1,Abnormal
62,93,91.0,1,Abnormal
103,91,85.8,0,Abnormal
52,96,85.6,1,Abnormal
127,65,103.2,1,Abnormal
124,70,86.2,1,Abnormal
119,70,95.5,1,Abnormal
128,98,106.2,0,Abnormal
103,75,97.2,1,Abnormal
110,74,85.5,1,Abnormal
121,64,98.2,1,Abnormal
118,86,97.0,1,Abnormal
133,66,90.7,0,Abnormal
86,61,97.1,0,Abnormal
138,82,103.8,0,Moderate
61,98,94.0,0,Moderate
51,93,95.9,0,Abnormal
100,65,108.1,1,Abnormal
90,60,93.5,1,Abnormal
104,62,94.2,0,Abnormal
146,97,94.6,0,Abnormal
52,70,96.8,1,Abnormal
77,75,85.6,1,Abnormal
87,62,93.2,0,Abnormal
54,65,89.5,0,Moderate
138,78,106.5,0,Abnormal
96,88,92.8,1,Abnormal
58,67,105.0,1,Abnormal
107,76,100.9,0,Moderate
133,94,91.7,0,Abnormal
88,95,107.9,1,Abnormal
133,74,104.1,1,Abnormal
100,88,109.6,0,Abnormal
43,97,107.5,0,Abnormal
64,64,94.4,0,Moderate
70,63,92.7,0,Abnormal
109,83,97.5,1,Abnormal
74,60,98.2,0,Abnormal
82,84,97.6,1,Abnormal
140,70,86.0,0,Abnormal
86,73,92.7,0,Abnormal
149,71,102.3,0,Abnormal
67,95,94.2,1,Abnormal
116,90,92.1,0,Moderate
105,68,91.7,0,Abnormal
145,88,87.3,1,Abnormal
69,89,103.1,1,Abnormal
59,76,101.5,1,Abnormal
101,78,94.1,0,Abnormal
56,89,108.0,1,Abnormal
114,96,98.3,1,Abnormal
93,90,105.3,0,Abnormal
57,88,103.1,0,Abnormal
145,85,96.3,1,Abnormal
94,92,85.8,0,Abnormal
138,86,90.0,1,Abnormal
87,85,91.5,1,Abnormal
58,75,104.5,1,Abnormal
99,77,106.6,1,Abnormal
145,100,106.4,0,Abnormal
96,92,91.3,0,Normal
70,66,97.7,0,Abnormal
91,88,88.7,1,Abnormal
148,75,98.9,0,Abnormal
144,71,90.6,0,Abnormal
76,74,100.3,0,Moderate
90,93,89.2,1,Abnormal
91,91,103.3,0,Abnormal
106,79,105.9,1,Abnormal
56,69,89.7,1,Abnormal
132,69,109.1,1,Abnormal
141,82,90.9,0,Moderate
149,77,101.3,1,Abnormal
92,90,98.2,1,Abnormal
56,73,85.3,1,Abnormal
102,96,86.1,1,Abnormal
85,84,87.2,1,Abnormal
131,76,94.0,0,Abnormal
42,67,92.1,1,Abnormal
43,88,103.7,1,Abnormal
109,77,95.2,1,Abnormal
59,82,94.4,0,Moderate
41,79,94.2,0,Abnormal
91,80,85.8,0,Moderate
89,66,102.2,1,Abnormal
64,63,104.2,0,Moderate
143,85,92.9,1,Abnormal
123,93,108.6,1,Abnormal
74,63,99.7,1,Abnormal
111,60,93.3,0,Moderate
52,65,99.0,0,Abnormal
141,67,103.0,0,Abnormal
134,71,102.0,0,Moderate
125,96,85.2,1,Abnormal
93,77,87.9,0,Abnormal
116,86,95.7,1,Abnormal
78,74,85.1,0,Abnormal
122,76,88.7,0,Moderate
125,94,90.6,1,Abnormal
128,66,105.6,0,Abnormal
126,86,89.5,1,Abnormal
47,89,100.6,0,Moderate
74,68,106.3,1,Abnormal
117,75,100.6,1,Abnormal
72,74,91.4,1,Abnormal
55,96,107.9,1,Abnormal
58,83,95.9,1,Abnormal
145,88,101.6,1,Abnormal
127,91,93.1,0,Abnormal
99,76,88.2,0,Moderate
145,85,105.3,1,Abnormal
60,96,106.6,0,Moderate
54,60,98.5,0,Abnormal
104,98,108.1,0,Abnormal
115,99,87.3,0,Moderate
109,82,96.7,1,Abnormal
113,74,87.3,0,Moderate
129,99,86.8,0,Abnormal
139,74,85.5,1,Abnormal
74,91,89.6,1,Abnormal
76,80,99.5,1,Abnormal
101,93,108.2,1,Abnormal
41,99,99.4,1,Abnormal
81,85,106.3,1,Abnormal
150,62,107.8,1,Abnormal
150,69,88.0,1,Abnormal
60,67,94.7,0,Moderate
50,85,104.9,0,Moderate
112,82,96.8,0,Moderate
69,91,105.0,0,Moderate
134,88,89.9,0,Moderate
139,93,101.7,0,Moderate
128,77,107.9,1,Abnormal
65,96,95.0,0,Moderate
141,90,97.9,0,Abnormal
71,69,103.9,0,Abnormal
76,60,95.4,0,Abnormal
68,99,100.1,1,Abnormal
139,64,86.3,0,Abnormal
132,67,107.0,0,Abnormal
106,85,102.4,1,Abnormal
122,69,100.9,0,Moderate
142,60,107.2,1,Abnormal
102,83,95.2,1,Abnormal
145,69,98.2,0,Abnormal
89,72,108.7,1,Abnormal
64,77,97.5,0,Moderate
97,70,93.9,0,Abnormal
95,95,97.2,0,Normal
128,96,86.6,1,Abnormal
55,64,105.3,0,Abnormal
97,91,101.8,1,Abnormal
101,80,97.3,1,Abnormal
83,76,91.5,1,Abnormal
126,61,94.3,1,Abnormal
62,65,104.6,0,Moderate
74,96,93.1,0,Normal
130,83,87.4,0,Moderate
63,65,109.3,0,Moderate
104,93,109.3,0,Abnormal
72,61,107.3,1,Abnormal
103,79,105.2,0,Abnormal
123,70,95.0,1,Abnormal
48,89,102.5,1,Abnormal
43,85,100.3,1,Abnormal
124,93,101.2,1,Abnormal
104,81,107.0,0,Moderate
139,61,91.4,1,Abnormal
41,91,87.9,0,Abnormal
106,88,105.1,0,Moderate
138,81,89.8,0,Moderate
82,75,87.3,1,Abnormal
96,96,95.9,0,Normal
66,66,86.2,0,Moderate
85,78,109.4,1,Abnormal
123,84,87.1,0,Moderate
44,82,91.4,1,Abnormal
67,96,88.4,0,Moderate
72,73,107.7,0,Abnormal
46,67,108.0,1,Abnormal
45,100,100.8,0,Moderate
76,97,91.3,1,Abnormal
40,79,90.0,0,Abnormal
47,66,107.6,1,Abnormal
149,60,90.8,0,Abnormal
120,65,107.0,1,Abnormal
145,95,103.8,0,Abnormal
139,99,105.2,1,Abnormal
127,62,105.3,1,Abnormal
89,95,90.2,0,Normal
47,60,107.9,0,Abnormal
97,73,86.6,0,Abnormal
75,90,108.1,0,Abnormal
133,79,97.4,1,Abnormal
48,82,101.1,1,Abnormal
49,94,91.2,1,Abnormal
91,99,103.0,0,Abnormal
150,61,102.7,0,Abnormal
100,76,96.6,1,Abnormal
73,70,99.9,1,Abnormal
74,88,88.4,0,Moderate
109,80,99.9,0,Moderate
140,76,85.9,0,Abnormal
67,89,97.3,0,Moderate
79,65,104.4,1,Abnormal
115,92,94.7,1,Abnormal
91,85,102.5,0,Moderate
124,70,107.2,0,Abnormal
115,79,98.2,1,Abnormal
76,95,102.6,1,Abnormal
91,92,85.1,1,Abnormal
127,98,85.3,0,Abnormal
146,81,101.7,0,Moderate
56,62,105.4,0,Abnormal
144,73,107.5,0,Abnormal
104,92,94.4,1,Abnormal
48,89,108.7,1,Abnormal
90,82,97.2,1,Abnormal
81,68,100.0,0,Abnormal
101,67,93.4,0,Abnormal
125,65,92.8,1,Abnormal
54,61,85.5,0,Abnormal
144,97,97.6,0,Abnormal
96,67,98.0,1,Abnormal
52,94,90.4,1,Abnormal
121,74,90.8,0,Abnormal
55,83,104.1,0,Moderate
107,86,101.8,1,Abnormal
43,76,85.6,1,Abnormal
89,100,94.9,0,Normal
126,89,95.0,0,Abnormal
113,84,94.0,0,Moderate
146,98,101.2,0,Moderate
141,92,106.9,1,Abnormal
138,66,109.6,0,Abnormal
126,63,95.0,1,Abnormal
105,64,93.8,1,Abnormal
60,69,86.1,1,Abnormal
67,88,105.4,1,Abnormal
144,80,99.4,0,Moderate
126,78,88.0,1,Abnormal
133,86,99.2,1,Abnormal
69,88,96.1,0,Moderate
56,85,108.2,1,Abnormal
62,94,85.9,0,Moderate
144,90,88.2,1,Abnormal
133,67,105.4,1,Abnormal
95,91,90.7,0,Normal
111,80,94.8,0,Moderate
99,73,94.5,0,Abnormal
141,78,96.5,1,Abnormal
134,97,106.8,0,Abnormal
130,73,94.3,0,Abnormal
146,92,104.4,1,Abnormal
122,79,101.0,1,Abnormal
111,95,90.0,1,Abnormal
140,66,87.4,0,Abnormal
120,73,106.8,0,Moderate
122,92,97.9,0,Abnormal
131,71,99.6,1,Abnormal
125,67,97.7,0,Abnormal
132,82,93.9,1,Abnormal
45,86,96.6,1,Abnormal
49,80,87.7,0,Moderate
149,69,109.0,1,Abnormal
54,71,97.0,0,Abnormal
90,88,97.0,0,Normal
63,61,95.0,0,Moderate
118,67,98.1,1,Abnormal
96,63,99.1,0,Abnormal
140,74,107.0,0,Abnormal
75,82,92.7,0,Moderate
111,76,93.2,1,Abnormal
58,93,103.3,1,Abnormal
87,79,101.5,0,Moderate
122,69,103.4,1,Abnormal
88,80,94.4,0,Moderate
85,63,93.7,0,Abnormal
49,98,106.7,1,Abnormal
83,97,98.4,0,Normal
112,97,107.1,1,Abnormal
44,88,100.9,1,Abnormal
60,93,102.5,1,Abnormal
147,65,99.6,0,Abnormal
120,77,89.6,1,Abnormal
113,66,94.9,0,Moderate
120,72,108.2,0,Moderate
53,80,98.7,0,Moderate
84,90,93.6,1,Abnormal
84,68,90.5,0,Abnormal
138,66,92.1,0,Abnormal
53,77,86.2,0,Abnormal
87,67,107.3,0,Abnormal
128,76,89.5,0,Moderate
125,68,85.5,1,Abnormal
105,82,88.7,1,Abnormal
65,93,97.2,1,Abnormal
119,62,88.1,0,Moderate
122,98,102.4,0,Abnormal
112,90,108.8,1,Abnormal
61,88,96.7,1,Abnormal
122,90,104.5,1,Abnormal
73,88,109.1,0,Abnormal
86,71,96.7,0,Abnormal
114,91,88.0,0,Moderate
40,84,107.3,1,Abnormal
120,71,93.7,1,Abnormal
142,88,99.5,1,Abnormal
59,74,91.8,0,Abnormal
113,61,95.7,0,Moderate
130,70,97.0,0,Abnormal
142,75,91.2,0,Abnormal
134,77,102.6,0,Abnormal
118,84,103.5,1,Abnormal
45,100,89.7,1,Abnormal
138,74,100.7,1,Abnormal
44,87,100.8,1,Abnormal
130,99,90.0,1,Abnormal
69,91,103.5,0,Moderate
83,63,109.5,0,Abnormal
45,85,88.6,0,Moderate
86,72,94.7,0,Abnormal
54,60,105.9,1,Abnormal
127,61,92.7,0,Abnormal
68,70,85.8,0,Moderate
137,95,103.9,0,Abnormal
126,71,100.0,0,Abnormal
85,75,97.2,1,Abnormal
103,77,85.7,0,Abnormal
120,77,86.4,0,Moderate
60,81,87.4,0,Moderate
146,87,108.6,1,Abnormal
122,67,88.5,0,Moderate
106,84,94.0,0,Moderate
79,96,106.7,1,Abnormal
92,71,90.1,1,Abnormal
95,96,96.7,0,Normal
71,96,109.8,0,Abnormal
54,62,101.6,1,Abnormal
40,62,93.5,1,Abnormal
54,86,88.2,0,Moderate
88,75,95.6,0,Abnormal
139,82,88.4,1,Abnormal
50,66,105.2,0,Abnormal
97,64,107.6,1,Abnormal
126,74,88.2,1,Abnormal
127,95,86.6,1,Abnormal
92,95,99.9,0,Normal
150,79,91.5,0,Abnormal
118,63,104.7,1,Abnormal
113,60,93.4,0,Moderate
97,71,90.1,1,Abnormal
46,78,95.9,1,Abnormal
92,61,106.5,1,Abnormal
95,68,109.5,0,Abnormal
93,82,109.4,0,Moderate
52,60,93.9,1,Abnormal
116,95,106.3,1,Abnormal
115,96,85.6,0,Moderate
136,73,97.4,0,Abnormal
66,79,86.5,0,Moderate
66,75,93.0,1,Abnormal
71,99,94.5,1,Abnormal
65,88,87.1,0,Moderate
143,92,109.1,1,Abnormal
120,99,102.0,1,Abnormal
100,82,102.9,1,Abnormal
116,90,99.2,1,Abnormal
69,80,104.8,1,Abnormal
105,83,94.7,0,Moderate
142,64,98.1,1,Abnormal
108,68,94.5,1,Abnormal
44,92,95.7,1,Abnormal
128,82,103.2,1,Abnormal
75,80,101.6,1,Abnormal
53,63,107.2,0,Abnormal
147,95,91.0,0,Abnormal
41,89,89.2,0,Moderate
46,93,85.2,1,Abnormal
57,88,86.8,1,Abnormal
103,78,92.9,1,Abnormal
142,94,90.9,1,Abnormal
101,90,97.3,1,Abnormal
69,89,87.7,1,Abnormal
42,79,93.9,0,Abnormal
149,99,88.6,1,Abnormal
132,100,90.3,0,Abnormal
150,73,102.5,1,Abnormal
95,96,99.8,0,Normal
135,60,86.2,0,Abnormal
136,60,93.8,1,Abnormal
70,98,98.3,0,Normal
98,97,107.7,0,Abnormal
109,97,105.2,1,Abnormal
105,69,102.4,1,Abnormal
60,75,94.7,1,Abnormal
111,92,105.1,1,Abnormal
112,74,89.1,1,Abnormal
43,85,92.2,1,Abnormal
106,83,88.4,0,Moderate
144,88,99.5,1,Abnormal
97,70,99.9,0,Abnormal
91,70,106.6,1,Abnormal
104,71,107.8,0,Abnormal
44,62,101.3,1,Abnormal
96,69,91.7,1,Abnormal
131,92,106.3,0,Abnormal
99,83,109.5,0,Moderate
145,72,92.9,1,Abnormal
111,79,97.0,1,Abnormal
124,72,85.2,1,Abnormal
129,79,105.7,1,Abnormal
65,72,107.9,0,Moderate
118,93,97.4,1,Abnormal
144,73,86.1,1,Abnormal
71,76,85.3,0,Abnormal
131,87,94.3,0,Abnormal
46,61,97.6,1,Abnormal
71,81,102.7,1,Abnormal
45,97,102.0,1,Abnormal
135,69,94.4,1,Abnormal
95,91,93.6,0,Normal
52,95,94.2,1,Abnormal
121,71,88.4,1,Abnormal
96,83,102.5,0,Moderate
149,84,102.1,0,Moderate
82,78,96.9,1,Abnormal
61,80,108.5,1,Abnormal
116,81,90.3,1,Abnormal
148,64,86.4,1,Abnormal
56,83,107.3,0,Moderate
107,66,86.8,0,Moderate
143,78,108.9,1,Abnormal
108,65,103.0,0,Moderate
48,94,104.3,0,Abnormal
120,86,85.6,0,Moderate
97,91,103.5,1,Abnormal
73,73,91.5,1,Abnormal
62,60,93.7,1,Abnormal
130,72,88.8,0,Moderate
134,86,89.1,1,Abnormal
129,99,102.3,0,Abnormal
101,91,98.4,0,Normal
113,80,93.2,0,Moderate
56,60,88.0,0,Moderate
81,87,94.2,0,Normal
80,79,90.3,0,Abnormal
104,70,87.1,0,Abnormal
87,81,90.0,1,Abnormal
53,92,105.0,1,Abnormal
110,96,96.1,1,Abnormal
139,78,87.2,1,Abnormal
40,79,96.6,0,Abnormal
136,90,89.4,0,Moderate
54,96,108.6,1,Abnormal
85,86,109.8,0,Abnormal
113,85,106.9,0,Moderate
71,92,106.7,1,Abnormal
114,86,106.7,1,Abnormal
91,99,95.0,1,Abnormal
44,67,102.1,0,Abnormal
115,62,86.2,0,Moderate
137,71,108.7,1,Abnormal
61,75,103.6,1,Abnormal
102,88,88.8,1,Abnormal
63,89,107.8,1,Abnormal
74,71,103.3,0,Abnormal
119,66,103.0,1,Abnormal
65,82,101.6,0,Moderate
75,73,91.8,0,Abnormal
126,81,107.9,1,Abnormal
68,74,85.4,0,Moderate
86,98,104.6,1,Abnormal
81,91,86.4,1,Abnormal
52,75,87.8,0,Abnormal
64,69,100.5,0,Moderate
138,71,88.6,0,Moderate
129,96,98.9,0,Abnormal
135,98,91.5,0,Abnormal
127,64,100.2,1,Abnormal
106,73,101.7,0,Moderate
73,84,88.0,0,Moderate
107,75,104.5,0,Moderate
115,96,91.6,0,Moderate
122,74,105.4,0,Abnormal
128,76,97.4,1,Abnormal
96,74,94.0,1,Abnormal
97,85,87.0,0,Moderate
64,78,85.2,1,Abnormal
141,63,105.7,0,Abnormal
110,74,109.8,0,Moderate
58,100,89.0,1,Abnormal
59,99,85.7,1,Abnormal
104,97,101.4,1,Abnormal
83,92,93.7,1,Abnormal
95,90,96.3,1,Abnormal
98,100,86.0,0,Abnormal
53,82,94.3,0,Moderate
49,97,106.0,0,Abnormal
58,78,104.3,1,Abnormal
127,96,98.1,0,Abnormal
92,93,87.6,1,Abnormal
63,82,100.8,0,Moderate
42,92,88.2,0,Moderate
120,79,93.4,1,Abnormal
55,94,98.9,0,Abnormal
54,91,104.3,1,Abnormal
66,72,98.8,0,Moderate
50,84,109.5,1,Abnormal
132,70,98.1,1,Abnormal
122,78,103.9,0,Abnormal
48,73,103.9,1,Abnormal
131,73,95.9,1,Abnormal
93,80,89.8,0,Moderate
116,69,96.9,0,Moderate
132,69,93.0,0,Abnormal
45,78,107.8,1,Abnormal
115,74,104.8,1,Abnormal
134,79,92.0,1,Abnormal
128,78,103.7,1,Abnormal
42,61,86.6,0,Abnormal
71,69,99.8,0,Abnormal
52,87,104.4,0,Abnormal
78,100,99.8,0,Normal
138,65,106.0,1,Abnormal
102,95,87.1,0,Abnormal
78,80,104.8,0,Moderate
43,68,103.3,1,Abnormal
103,98,98.1,0,Normal
57,82,103.8,0,Moderate
59,73,106.3,1,Abnormal
142,89,106.7,0,Abnormal
97,70,85.9,0,Abnormal
116,99,110.0,1,Abnormal
102,97,96.2,1,Abnormal
89,86,95.4,1,Abnormal
63,96,106.2,1,Abnormal
41,68,101.8,0,Moderate
114,72,107.9,1,Abnormal
127,84,88.4,0,Moderate
58,67,87.2,0,Abnormal
150,71,96.8,1,Abnormal
56,93,109.6,1,Abnormal
142,78,109.8,0,Abnormal
55,82,98.3,0,Moderate
145,64,88.6,0,Moderate
54,83,103.6,0,Moderate
98,93,85.9,1,Abnormal
46,63,102.6,1,Abnormal
133,62,105.3,1,Abnormal
63,79,106.0,1,Abnormal
114,85,87.2,0,Moderate
86,61,99.9,1,Abnormal
71,95,98.8,0,Normal
76,83,88.0,0,Moderate
93,77,109.1,1,Abnormal
130,89,89.2,0,Moderate
114,93,92.6,1,Abnormal
135,97,93.1,1,Abnormal
41,92,102.7,1,Abnormal
97,85,95.7,0,Moderate
118,89,107.4,1,Abnormal
75,79,99.6,0,Abnormal
91,64,94.1,1,Abnormal
127,68,101.3,1,Abnormal
48,86,105.5,0,Abnormal
93,100,109.0,0,Abnormal
44,63,94.3,0,Abnormal
107,84,96.6,0,Moderate
123,75,94.5,1,Abnormal
81,96,88.3,1,Abnormal
115,99,104.5,1,Abnormal
97,66,104.6,0,Abnormal
86,95,109.9,0,Abnormal
69,80,107.0,0,Moderate
46,73,95.1,1,Abnormal
113,83,85.9,0,Moderate
55,79,94.8,1,Abnormal
73,81,98.2,0,Moderate
79,93,95.6,0,Normal
47,66,87.4,0,Abnormal
117,60,104.9,0,Moderate
59,71,95.0,0,Abnormal
145,91,92.6,1,Abnormal
133,79,99.7,1,Abnormal
103,98,92.1,1,Abnormal
84,65,100.6,0,Moderate
84,93,98.9,0,Normal
124,76,104.9,1,Abnormal
78,74,108.3,1,Abnormal
132,72,97.9,0,Abnormal
65,100,99.1,0,Moderate
123,92,90.4,0,Abnormal
77,72,94.7,1,Abnormal
41,98,104.6,1,Abnormal
149,75,92.4,0,Abnormal
47,86,105.7,1,Abnormal
86,64,93.1,1,Abnormal
139,92,101.9,1,Abnormal
70,64,105.7,0,Abnormal
101,69,98.9,0,Abnormal
146,71,92.9,1,Abnormal
116,83,98.9,0,Moderate
42,65,91.8,0,Abnormal
123,75,85.9,1,Abnormal
98,63,86.9,0,Abnormal
96,68,87.2,0,Abnormal
90,94,100.6,0,Moderate
109,60,96.2,0,Moderate
119,70,99.7,0,Moderate
145,66,107.5,0,Abnormal
58,83,108.5,1,Abnormal
86,99,107.4,0,Abnormal
102,87,106.7,0,Abnormal
94,98,100.1,1,Abnormal
142,94,105.9,1,Abnormal
82,70,87.7,1,Abnormal
45,62,101.8,1,Abnormal
96,79,98.7,0,Abnormal
47,78,103.7,0,Abnormal
92,92,86.9,0,Abnormal
131,95,100.1,1,Abnormal
76,81,87.0,0,Moderate
52,93,85.8,1,Abnormal
68,64,85.1,1,Abnormal
58,84,88.6,1,Abnormal
43,100,90.9,0,Abnormal
132,83,87.8,0,Moderate
95,61,92.5,1,Abnormal
149,83,107.8,0,Moderate
126,99,109.2,1,Abnormal
148,66,100.9,1,Abnormal
141,62,88.4,0,Moderate
102,77,109.9,0,Abnormal
145,87,101.4,0,Moderate
108,81,88.6,0,Moderate
111,97,90.3,0,Moderate
40,85,93.9,0,Moderate
62,80,99.9,1,Abnormal
127,84,98.7,0,Moderate
105,97,89.3,0,Moderate
148,68,99.6,0,Abnormal
92,67,100.9,1,Abnormal
103,87,102.9,1,Abnormal
147,91,95.0,1,Abnormal
126,86,88.7,0,Moderate
80,94,87.2,0,Abnormal
106,73,93.4,1,Abnormal
146,66,105.9,1,Abnormal
78,73,108.4,1,Abnormal
63,99,100.5,0,Moderate
93,98,86.7,1,Abnormal
100,78,106.7,0,Abnormal
50,72,86.1,1,Abnormal
106,95,88.5,1,Abnormal
40,99,102.3,0,Abnormal
86,94,108.5,1,Abnormal
150,82,96.3,0,Moderate
73,75,104.4,1,Abnormal
90,85,93.7,0,Moderate
93,72,93.1,1,Abnormal
124,63,93.0,0,Abnormal
104,83,87.0,0,Moderate
137,86,99.1,1,Abnormal
147,61,105.1,0,Abnormal
128,63,101.0,1,Abnormal
147,61,106.4,0,Abnormal
131,67,92.8,0,Abnormal
50,71,85.9,1,Abnormal
139,91,90.8,0,Abnormal
92,82,86.0,0,Moderate
44,68,107.4,0,Abnormal
71,98,107.2,0,Abnormal
105,84,91.9,0,Moderate
56,90,91.5,0,Abnormal
81,79,107.9,0,Abnormal
114,62,97.2,0,Moderate
116,78,95.5,0,Moderate
83,63,98.4,0,Abnormal
79,72,101.8,0,Moderate
150,92,99.8,0,Abnormal
95,93,95.5,1,Abnormal
101,95,90.5,0,Normal
135,96,97.2,1,Abnormal
112,69,109.4,1,Abnormal
106,74,108.7,1,Abnormal
44,85,88.6,1,Abnormal
128,74,99.6,0,Abnormal
52,83,108.5,0,Moderate
103,88,109.5,1,Abnormal
74,80,109.0,0,Moderate
148,73,104.3,1,Abnormal
124,80,94.8,0,Moderate
146,67,87.1,0,Abnormal
68,89,89.4,1,Abnormal
138,73,101.0,1,Abnormal
45,72,87.2,0,Abnormal
106,95,92.1,0,Moderate
88,78,106.6,0,Abnormal
133,93,108.7,0,Abnormal
140,89,89.2,1,Abnormal
104,73,86.2,1,Abnormal
76,75,89.5,1,Abnormal
125,87,102.8,0,Abnormal
148,75,96.8,1,Abnormal
112,95,93.0,1,Abnormal
58,97,105.7,1,Abnormal
84,67,93.1,1,Abnormal
55,77,97.8,1,Abnormal
121,93,109.7,0,Abnormal
69,67,88.3,1,Abnormal
123,71,88.4,1,Abnormal
122,99,100.5,1,Abnormal
131,71,104.9,1,Abnormal
123,96,91.4,0,Abnormal
87,96,87.7,1,Abnormal
115,68,105.5,0,Moderate
50,71,92.5,0,Abnormal
63,82,92.8,1,Abnormal
41,82,96.6,1,Abnormal
137,100,104.0,0,Abnormal
70,98,103.4,0,Abnormal
150,70,97.5,0,Abnormal
133,77,107.5,1,Abnormal
123,87,92.5,1,Abnormal
70,79,98.6,0,Abnormal
87,90,93.4,1,Abnormal
54,95,86.7,0,Abnormal
50,67,102.3,0,Abnormal
71,63,95.1,1,Abnormal
66,77,108.4,1,Abnormal
87,62,95.6,1,Abnormal
83,68,92.8,1,Abnormal
130,96,91.0,0,Abnormal
83,97,109.0,0,Abnormal
87,85,100.3,0,Moderate
140,90,108.6,1,Abnormal
69,91,98.6,1,Abnormal
89,94,106.3,0,Abnormal
100,94,93.5,1,Abnormal
110,82,90.6,1,Abnormal
73,99,99.7,1,Abnormal
69,79,105.5,1,Abnormal
122,79,108.1,0,Abnormal
132,92,96.6,1,Abnormal
65,63,105.1,1,Abnormal
103,60,95.9,0,Abnormal
125,89,96.7,1,Abnormal
54,64,104.0,0,Abnormal
54,62,87.3,0,Abnormal
66,78,90.9,0,Moderate
51,69,103.3,1,Abnormal
67,87,86.0,1,Abnormal
131,94,92.6,1,Abnormal
111,95,90.1,0,Moderate
116,63,98.9,1,Abnormal
124,92,97.0,0,Abnormal
100,61,102.9,1,Abnormal
64,98,90.5,1,Abnormal
101,65,86.4,0,Abnormal
44,83,94.6,1,Abnormal
116,99,105.7,0,Moderate
65,89,92.5,0,Moderate
126,91,91.6,0,Abnormal
60,75,87.6,0,Moderate
116,96,95.1,0,Moderate
138,74,105.3,1,Abnormal
69,75,91.5,0,Moderate
125,98,94.4,0,Abnormal
132,74,93.9,1,Abnormal
72,89,108.0,0,Abnormal
100,61,92.2,0,Abnormal
118,67,92.7,1,Abnormal
98,92,94.6,0,Normal
140,84,107.6,0,Moderate
121,92,108.2,1,Abnormal
71,96,98.2,0,Normal
43,77,90.2,1,Abnormal
50,83,92.3,1,Abnormal
122,65,104.4,0,Abnormal
71,80,100.9,0,Moderate
73,64,107.8,0,Abnormal
80,77,98.0,0,Abnormal
46,98,109.7,1,Abnormal
131,76,100.2,1,Abnormal
51,79,93.6,1,Abnormal
57,91,94.3,0,Abnormal
44,74,95.9,0,Abnormal
83,78,101.3,1,Abnormal
57,62,99.1,0,Abnormal
140,73,102.7,0,Abnormal
85,78,107.4,0,Abnormal
104,65,85.9,0,Abnormal
142,95,104.1,1,Abnormal
140,100,108.8,0,Abnormal
78,76,107.7,0,Abnormal
137,97,100.4,1,Abnormal
40,97,103.6,1,Abnormal
100,71,85.1,1,Abnormal
128,78,107.3,1,Abnormal
47,63,99.9,1,Abnormal
57,79,102.6,1,Abnormal
115,96,103.5,1,Abnormal
68,88,93.4,1,Abnormal
111,67,106.0,0,Moderate
63,89,109.7,1,Abnormal
146,74,98.1,1,Abnormal
150,98,88.8,0,Moderate
97,92,101.5,0,Moderate
122,67,98.9,0,Abnormal
69,77,89.1,0,Moderate
141,91,105.2,1,Abnormal
140,66,102.2,1,Abnormal
52,77,105.0,1,Abnormal
93,80,107.6,1,Abnormal
112,78,105.9,0,Moderate
128,82,107.5,0,Moderate
112,69,103.0,1,Abnormal
149,65,90.0,0,Abnormal
56,84,97.7,0,Moderate
79,62,109.4,0,Abnormal
79,69,107.2,0,Abnormal
78,82,100.6,1,Abnormal
75,61,99.2,0,Abnormal
147,97,101.8,0,Moderate
53,93,107.0,0,Abnormal
111,85,99.5,1,Abnormal
78,81,102.6,0,Moderate
94,64,89.5,0,Moderate
69,94,101.1,1,Abnormal
90,79,98.2,0,Abnormal
121,93,107.4,0,Abnormal
63,98,107.5,1,Abnormal
46,74,90.0,1,Abnormal
135,81,88.6,1,Abnormal
90,62,86.4,1,Abnormal
140,71,93.0,0,Abnormal
121,89,99.5,1,Abnormal
140,92,85.2,0,Abnormal
70,61,88.0,0,Moderate
117,76,89.2,0,Moderate
108,66,99.7,0,Moderate
96,78,91.4,0,Abnormal
97,99,87.9,0,Abnormal
147,100,101.6,0,Moderate
82,64,89.2,0,Moderate
60,87,108.2,1,Abnormal
46,77,94.9,1,Abnormal
94,80,85.6,0,Moderate
58,87,88.3,0,Moderate
90,81,98.2,1,Abnormal
100,91,100.1,0,Moderate
40,99,97.8,0,Abnormal
126,69,103.3,0,Abnormal
96,75,106.4,0,Abnormal
92,97,88.1,0,Moderate
47,86,93.7,1,Abnormal
149,78,95.3,1,Abnormal
69,91,104.3,1,Abnormal
120,97,90.9,1,Abnormal
89,67,106.7,0,Abnormal
53,72,94.7,0,Abnormal
121,87,98.9,1,Abnormal
70,100,103.6,1,Abnormal
118,67,106.0,1,Abnormal
140,65,108.9,0,Abnormal
60,75,100.8,0,Moderate
85,96,85.7,0,Abnormal
141,80,107.2,0,Moderate
146,83,91.7,0,Moderate
132,71,85.6,1,Abnormal
91,70,97.0,0,Abnormal
72,76,103.8,1,Abnormal
126,94,104.4,1,Abnormal
145,84,104.6,1,Abnormal
108,100,87.0,1,Abnormal
82,94,94.8,0,Normal
148,64,106.1,0,Abnormal
93,96,98.2,0,Normal
69,68,104.0,1,Abnormal
141,74,94.6,1,Abnormal
94,65,91.8,0,Abnormal
128,66,108.1,0,Abnormal
111,91,91.3,0,Moderate
75,79,94.3,1,Abnormal
69,78,88.6,1,Abnormal
70,97,102.3,0,Abnormal
119,61,104.8,1,Abnormal
121,75,85.8,0,Abnormal
116,88,93.3,0,Moderate
105,74,101.5,0,Moderate
130,69,98.6,0,Abnormal
90,100,107.4,1,Abnormal
65,70,104.6,1,Abnormal
57,61,103.8,1,Abnormal
78,83,85.4,1,Abnormal
74,67,93.4,0,Abnormal
104,86,95.3,1,Abnormal
137,62,101.8,0,Moderate
100,95,97.0,1,Abnormal
45,61,97.4,1,Abnormal
132,72,92.2,0,Abnormal
149,100,100.4,1,Abnormal
128,69,103.1,0,Abnormal
102,90,105.0,1,Abnormal
127,61,87.2,0,Abnormal
134,71,107.2,0,Abnormal
114,97,105.8,0,Moderate
103,61,95.8,1,Abnormal
146,96,107.9,0,Abnormal
124,95,94.8,0,Abnormal
55,66,103.1,0,Abnormal
71,67,86.4,0,Abnormal
45,66,107.5,1,Abnormal
103,91,86.2,1,Abnormal
51,72,88.7,0,Moderate
53,61,94.8,1,Abnormal
148,60,101.0,0,Moderate
98,73,86.4,0,Abnormal
76,75,102.0,0,Moderate
49,80,103.1,1,Abnormal
71,93,106.2,0,Abnormal
60,90,89.6,0,Moderate
60,60,99.6,0,Moderate
46,96,91.2,1,Abnormal
89,91,86.5,1,Abnormal
97,93,106.9,0,Abnormal
129,70,95.6,0,Abnormal
86,94,106.5,1,Abnormal
147,87,87.9,0,Abnormal
88,66,106.8,1,Abnormal
104,83,100.4,0,Moderate
98,71,101.2,0,Moderate
109,86,85.6,0,Moderate
126,70,106.8,0,Abnormal
93,94,89.1,0,Moderate
77,89,88.6,1,Abnormal
141,89,93.8,1,Abnormal
42,96,85.8,1,Abnormal
139,73,105.4,1,Abnormal
112,75,97.2,0,Moderate
99,61,98.2,1,Abnormal
97,60,93.3,1,Abnormal
54,67,96.4,0,Abnormal
118,76,104.4,1,Abnormal
86,70,89.7,0,Moderate
115,95,102.6,0,Moderate
65,64,86.6,0,Moderate
144,77,102.6,0,Abnormal
90,83,108.5,0,Moderate
107,76,90.0,1,Abnormal
143,94,109.1,1,Abnormal
67,82,96.4,0,Moderate
110,74,90.4,1,Abnormal
114,85,106.7,0,Moderate
64,82,94.7,0,Moderate
143,82,101.4,1,Abnormal
97,97,85.1,1,Abnormal
72,72,91.2,1,Abnormal
86,87,103.6,1,Abnormal
103,62,92.6,0,Abnormal
146,98,100.1,0,Moderate
66,71,105.4,1,Abnormal
111,81,107.5,0,Moderate
134,62,88.9,1,Abnormal
49,100,104.4,0,Abnormal
83,66,109.4,1,Abnormal
83,79,90.7,0,Abnormal
109,70,106.8,1,Abnormal
120,75,85.5,0,Moderate
114,86,107.5,1,Abnormal
141,98,85.3,0,Abnormal
106,93,103.4,1,Abnormal
46,64,88.4,0,Moderate
122,87,93.0,1,Abnormal
69,79,106.7,1,Abnormal
112,61,85.7,0,Moderate
132,80,108.0,1,Abnormal
51,78,90.8,0,Abnormal
111,73,95.2,1,Abnormal
80,100,107.4,1,Abnormal
98,87,91.5,0,Normal
121,85,90.2,1,Abnormal
98,92,102.7,1,Abnormal
63,71,93.3,1,Abnormal
45,62,86.3,1,Abnormal
106,90,94.1,1,Abnormal
69,85,103.1,1,Abnormal
72,78,104.3,0,Abnormal
65,64,101.6,1,Abnormal
61,67,90.8,0,Moderate
57,91,102.9,0,Abnormal
47,64,103.6,0,Abnormal
48,79,96.2,1,Abnormal
133,85,104.8,0,Moderate
105,77,99.0,1,Abnormal
50,76,88.5,0,Moderate
68,78,95.5,0,Moderate
57,69,97.3,1,Abnormal
122,81,87.4,1,Abnormal
57,60,88.3,1,Abnormal
141,89,107.6,0,Abnormal
136,63,89.3,0,Moderate
47,77,97.3,0,Abnormal
67,88,106.2,1,Abnormal
57,92,102.1,1,Abnormal
88,95,87.6,1,Abnormal
130,88,101.4,1,Abnormal
69,88,85.7,1,Abnormal
108,64,100.0,1,Abnormal
118,91,89.8,1,Abnormal
82,60,105.8,0,Abnormal
148,80,98.1,1,Abnormal
97,96,102.9,0,Abnormal
66,83,105.7,0,Moderate
119,74,102.7,1,Abnormal
96,61,88.9,0,Moderate
90,92,108.0,1,Abnormal
106,93,93.4,1,Abnormal
86,81,89.1,0,Moderate
56,69,88.4,1,Abnormal
103,90,93.5,0,Normal
60,65,109.3,0,Moderate
93,85,108.3,0,Moderate
94,91,103.8,0,Abnormal
88,62,105.2,0,Abnormal
66,97,99.0,1,Abnormal
44,97,94.6,1,Abnormal
131,89,106.7,1,Abnormal
68,64,103.8,0,Moderate
140,94,109.3,1,Abnormal
43,60,96.2,1,Abnormal
104,92,105.5,1,Abnormal
92,76,91.6,0,Abnormal
105,66,101.7,0,Moderate
93,74,91.0,1,Abnormal
130,98,107.0,1,Abnormal
53,98,100.6,0,Moderate
55,66,100.5,0,Moderate
148,73,105.2,1,Abnormal
62,91,105.0,0,Moderate
93,82,93.4,1,Abnormal
59,66,99.3,1,Abnormal
79,64,107.9,1,Abnormal
68,96,99.1,0,Moderate
94,96,93.4,0,Normal
101,69,96.2,0,Abnormal
148,65,107.1,1,Abnormal
45,66,89.3,0,Moderate
86,95,97.0,1,Abnormal
113,64,93.5,0,Moderate
126,77,108.2,1,Abnormal
86,99,102.4,1,Abnormal
101,87,108.4,1,Abnormal
63,77,100.3,1,Abnormal
69,66,96.9,1,Abnormal
73,77,106.5,1,Abnormal
115,86,88.7,1,Abnormal
98,84,94.7,0,Moderate
54,84,100.7,1,Abnormal
44,66,89.3,0,Moderate
66,74,100.6,0,Moderate
81,66,109.9,1,Abnormal
137,68,108.1,0,Abnormal
111,86,103.2,1,Abnormal
44,93,86.5,1,Abnormal
43,91,93.5,0,Abnormal
78,82,85.2,0,Moderate
80,85,94.3,0,Moderate
133,67,101.1,0,Moderate
51,90,85.1,1,Abnormal
94,84,89.9,0,Moderate
136,75,96.1,0,Abnormal
74,69,104.9,1,Abnormal
102,77,88.5,1,Abnormal
146,82,100.8,1,Abnormal
94,81,109.4,1,Abnormal
58,67,101.6,1,Abnormal
140,66,95.0,0,Abnormal
75,96,97.8,0,Normal
49,89,103.3,0,Abnormal
53,85,94.3,0,Moderate
53,80,108.1,1,Abnormal
100,74,88.3,0,Moderate
69,77,96.2,0,Moderate
123,93,91.5,1,Abnormal
63,100,97.0,0,Moderate
130,63,85.4,0,Abnormal
60,83,93.6,0,Moderate
58,76,109.6,0,Abnormal
133,78,108.7,0,Abnormal
57,75,87.1,1,Abnormal
113,86,98.6,0,Moderate
78,81,88.5,0,Moderate
59,80,102.5,1,Abnormal
47,81,96.4,0,Moderate
145,95,89.9,0,Moderate
90,82,99.9,1,Abnormal
57,94,93.9,1,Abnormal
101,71,102.5,1,Abnormal
62,69,105.8,0,Moderate
149,70,96.9,1,Abnormal
140,84,107.2,1,Abnormal
96,95,94.2,1,Abnormal
44,75,87.8,0,Abnormal
42,81,98.0,1,Abnormal
69,78,105.7,0,Moderate
64,62,97.6,0,Moderate
40,61,103.0,0,Abnormal
45,66,108.2,0,Abnormal
51,98,100.2,0,Moderate
78,75,102.0,0,Moderate
114,85,98.0,1,Abnormal
106,71,108.3,0,Moderate
112,81,95.2,0,Moderate
47,64,104.1,0,Abnormal
126,72,109.7,0,Abnormal
83,61,95.6,0,Abnormal
43,81,85.8,1,Abnormal
51,65,104.2,1,Abnormal
103,98,89.0,0,Moderate
90,76,106.7,0,Abnormal
136,60,99.4,1,Abnormal
128,67,88.1,0,Moderate
64,92,93.7,1,Abnormal
42,84,106.6,1,Abnormal
98,100,90.1,0,Normal
40,76,93.0,1,Abnormal
44,69,91.9,1,Abnormal
62,68,93.4,1,Abnormal
104,91,87.2,0,Abnormal
122,70,86.8,0,Abnormal
150,81,96.5,0,Moderate
47,87,104.7,0,Abnormal
104,87,101.3,1,Abnormal
106,82,86.4,1,Abnormal
145,75,103.6,1,Abnormal
109,68,94.1,1,Abnormal
49,82,94.6,0,Moderate
125,94,109.9,1,Abnormal
52,60,88.7,1,Abnormal
118,70,93.9,0,Moderate
92,69,107.3,0,Abnormal
146,98,90.1,0,Abnormal
59,75,100.4,1,Abnormal
135,64,98.1,1,Abnormal
120,74,87.5,1,Abnormal
145,60,109.5,1,Abnormal
138,64,100.5,0,Moderate
126,86,86.5,0,Abnormal
139,92,107.0,1,Abnormal
45,84,96.2,0,Moderate
107,79,109.6,0,Moderate
64,69,107.2,1,Abnormal
103,89,103.3,1,Abnormal
106,74,85.2,0,Moderate
101,76,101.3,1,Abnormal
71,77,108.9,1,Abnormal
42,72,85.7,1,Abnormal
143,60,100.7,1,Abnormal
102,67,109.7,0,Abnormal
55,91,98.9,1,Abnormal
77,77,99.7,1,Abnormal
57,64,95.2,1,Abnormal
143,88,108.8,1,Abnormal
121,99,90.3,0,Abnormal
44,91,103.2,0,Abnormal
133,92,94.2,0,Abnormal
64,94,102.5,1,Abnormal
54,74,107.3,1,Abnormal
113,75,87.2,1,Abnormal
136,65,100.4,1,Abnormal
43,76,100.5,0,Moderate
50,96,90.3,1,Abnormal
134,97,87.9,1,Abnormal
140,94,102.9,0,Abnormal
150,86,99.2,1,Abnormal
87,74,93.2,1,Abnormal
84,91,98.0,1,Abnormal
74,90,87.9,0,Abnormal
57,70,95.1,0,Abnormal
141,98,101.7,0,Moderate
47,60,92.7,0,Abnormal
79,96,109.3,0,Abnormal
139,72,102.4,1,Abnormal
115,93,85.0,0,Moderate
63,65,99.0,0,Moderate
95,87,93.5,0,Normal
134,93,91.1,0,Abnormal
133,75,104.2,1,Abnormal
50,73,99.8,0,Abnormal
103,80,110.0,1,Abnormal
118,87,87.4,0,Moderate
86,65,91.6,0,Abnormal
54,90,103.6,1,Abnormal
114,85,97.3,0,Moderate
101,97,90.6,0,Normal
78,88,98.9,0,Normal
130,75,95.1,0,Abnormal
91,69,104.4,1,Abnormal
74,98,96.7,1,Abnormal
82,87,97.4,0,Normal
87,98,88.0,1,Abnormal
111,76,94.9,1,Abnormal
58,95,99.0,0,Abnormal
107,81,104.8,0,Moderate
84,93,97.0,1,Abnormal
134,87,88.8,0,Moderate
64,83,98.4,0,Moderate
52,73,91.1,1,Abnormal
102,68,86.3,0,Abnormal
147,96,105.8,1,Abnormal
78,64,86.1,0,Abnormal
104,92,90.2,0,Normal
142,71,108.9,1,Abnormal
109,80,109.6,0,Moderate
149,75,91.1,1,Abnormal
53,83,104.2,1,Abnormal
117,64,98.4,0,Moderate
50,94,102.5,0,Abnormal
102,100,97.5,0,Normal
51,76,99.5,0,Abnormal
130,61,99.7,1,Abnormal
120,65,102.1,0,Moderate
114,87,96.2,1,Abnormal
121,85,106.6,1,Abnormal
124,69,90.4,1,Abnormal
96,77,99.0,1,Abnormal
88,100,99.7,1,Abnormal
53,78,85.0,0,Abnormal
145,67,102.7,0,Abnormal
76,65,86.1,0,Abnormal
134,64,86.4,0,Abnormal
72,83,96.9,1,Abnormal
142,70,89.0,1,Abnormal
130,65,87.4,1,Abnormal
57,69,97.6,1,Abnormal
85,94,98.2,1,Abnormal
68,86,94.8,1,Abnormal
145,88,107.6,1,Abnormal
120,87,92.1,0,Moderate
130,80,93.6,0,Moderate
84,63,94.4,1,Abnormal
119,91,99.6,0,Moderate
51,62,104.6,0,Abnormal
113,84,88.9,0,Moderate
87,97,85.2,1,Abnormal
137,81,87.3,1,Abnormal
100,90,102.1,1,Abnormal
53,90,106.3,1,Abnormal
98,98,106.4,1,Abnormal
119,71,87.0,0,Moderate
87,65,103.8,0,Abnormal
102,77,106.0,0,Abnormal
47,61,92.6,0,Abnormal
65,99,95.5,1,Abnormal
91,72,100.8,0,Moderate
135,75,96.9,0,Abnormal
106,62,107.6,1,Abnormal
142,69,99.1,0,Abnormal
69,63,88.3,1,Abnormal
110,69,106.0,1,Abnormal
90,69,103.0,0,Abnormal
113,67,99.8,0,Moderate
141,71,103.2,0,Abnormal
81,65,105.6,1,Abnormal
55,93,86.5,1,Abnormal
144,74,105.1,0,Abnormal
136,73,108.5,0,Abnormal
48,83,107.1,0,Moderate
101,70,90.6,1,Abnormal
120,91,88.4,0,Moderate
71,75,106.7,1,Abnormal
95,73,102.6,1,Abnormal
85,76,85.1,0,Abnormal
67,79,106.5,1,Abnormal
135,61,105.5,0,Abnormal
79,75,93.9,0,Abnormal
74,72,90.3,1,Abnormal
107,90,104.5,0,Moderate
74,82,94.1,0,Moderate
74,87,91.2,0,Normal
41,81,105.8,0,Moderate
45,73,85.6,1,Abnormal
149,83,92.7,1,Abnormal
148,67,93.6,0,Abnormal
104,66,106.7,1,Abnormal
110,76,85.4,0,Moderate
144,84,99.6,1,Abnormal
96,99,87.1,0,Abnormal
63,83,91.8,0,Moderate
79,65,102.1,0,Abnormal
100,68,96.8,0,Abnormal
97,61,96.7,0,Abnormal
58,84,98.6,1,Abnormal
83,65,106.3,0,Abnormal
90,64,87.0,1,Abnormal
149,87,99.7,0,Abnormal
58,91,89.6,1,Abnormal
53,86,88.8,1,Abnormal
123,95,85.5,0,Abnormal
61,88,107.9,1,Abnormal
100,96,87.3,1,Abnormal
144,88,99.2,1,Abnormal
121,82,108.2,1,Abnormal
51,80,102.4,0,Moderate
49,84,91.3,0,Moderate
56,68,91.2,0,Abnormal
64,61,85.3,0,Moderate
62,72,96.8,0,Moderate
143,78,86.8,1,Abnormal
103,91,99.3,0,Normal
146,78,87.2,1,Abnormal
103,80,90.7,1,Abnormal
133,64,100.4,1,Abnormal
150,84,105.7,0,Moderate
120,66,97.4,0,Moderate
129,89,101.6,0,Moderate
142,83,109.2,1,Abnormal
101,86,98.3,0,Normal
80,89,91.6,1,Abnormal
131,62,109.2,1,Abnormal
132,84,85.2,1,Abnormal
131,99,92.4,1,Abnormal
64,90,92.1,0,Moderate
126,74,108.4,1,Abnormal
139,76,89.8,0,Moderate
138,87,96.1,0,Abnormal
131,83,100.4,0,Moderate
92,65,94.9,1,Abnormal
118,93,86.2,1,Abnormal
132,95,92.8,0,Abnormal
104,73,99.6,0,Abnormal
142,63,90.8,1,Abnormal
131,83,85.3,0,Moderate
134,77,102.7,0,Abnormal
116,62,93.2,1,Abnormal
103,67,86.4,0,Abnormal
110,94,95.7,0,Moderate
62,64,101.0,1,Abnormal
105,82,89.2,1,Abnormal
149,81,108.5,1,Abnormal
106,97,107.5,1,Abnormal
112,100,107.8,1,Abnormal
90,94,98.6,1,Abnormal
40,93,91.8,0,Abnormal
73,65,90.4,1,Abnormal
106,63,99.5,1,Abnormal
145,60,99.9,1,Abnormal
132,73,100.9,1,Abnormal
63,81,98.9,0,Moderate
45,75,92.5,1,Abnormal
47,76,109.7,0,Abnormal
128,62,95.5,1,Abnormal
71,88,90.1,1,Abnormal
113,86,91.3,1,Abnormal
148,81,94.5,1,Abnormal
53,63,91.1,0,Abnormal
98,73,88.4,0,Moderate
69,93,94.2,0,Moderate
97,73,107.1,0,Abnormal
56,71,91.6,0,Abnormal
82,93,87.8,0,Abnormal
52,86,105.4,1,Abnormal
91,86,94.0,1,Abnormal
149,93,91.9,0,Abnormal
130,95,105.3,0,Abnormal
146,95,109.8,0,Abnormal
64,98,107.1,1,Abnormal
49,94,91.1,0,Abnormal
104,60,100.0,0,Abnormal
134,91,97.8,1,Abnormal
53,90,108.3,1,Abnormal
41,61,101.4,0,Moderate
145,69,95.7,1,Abnormal
120,67,90.3,1,Abnormal
40,72,93.9,0,Abnormal
80,62,100.2,1,Abnormal
139,95,105.5,0,Abnormal
147,75,94.9,1,Abnormal
42,65,90.0,0,Abnormal
49,82,107.8,1,Abnormal
138,90,100.4,0,Moderate
120,74,93.4,0,Moderate
136,79,96.1,1,Abnormal
123,87,102.5,1,Abnormal
94,81,90.1,1,Abnormal
117,73,95.9,0,Moderate
139,91,107.2,1,Abnormal
139,61,100.3,0,Moderate
47,81,100.0,0,Moderate
74,61,89.7,1,Abnormal
99,94,90.8,0,Normal
50,92,97.2,1,Abnormal
61,93,96.7,0,Moderate
106,76,86.2,1,Abnormal
108,78,93.9,0,Moderate
86,66,107.5,0,Abnormal
102,96,97.8,1,Abnormal
150,94,98.2,0,Abnormal
78,76,95.4,1,Abnormal
60,98,107.2,0,Moderate
57,60,96.9,1,Abnormal
110,99,96.3,1,Abnormal
137,72,88.1,1,Abnormal
51,97,87.3,1,Abnormal
79,73,87.3,1,Abnormal
109,82,105.6,0,Moderate
104,72,105.8,1,Abnormal
84,63,105.2,1,Abnormal
95,67,86.8,1,Abnormal
79,84,94.3,1,Abnormal
51,76,106.5,0,Abnormal
103,60,97.1,0,Abnormal
69,92,104.6,1,Abnormal
139,70,100.9,0,Moderate
111,67,97.0,1,Abnormal
115,69,108.6,0,Moderate
62,72,108.9,1,Abnormal
77,80,91.9,1,Abnormal
127,97,98.8,1,Abnormal
123,81,96.3,0,Moderate
77,66,109.2,1,Abnormal
46,64,92.9,1,Abnormal
69,93,92.5,0,Moderate
140,73,94.1,1,Abnormal
72,71,89.3,0,Moderate
51,97,86.5,0,Abnormal
101,67,86.4,1,Abnormal
67,62,107.7,0,Moderate
108,69,87.2,0,Moderate
92,65,108.2,1,Abnormal
55,76,88.2,0,Moderate
134,89,101.7,1,Abnormal
75,62,108.8,0,Abnormal
40,68,86.5,0,Abnormal
91,97,87.2,1,Abnormal
131,79,102.9,1,Abnormal
59,63,90.2,0,Abnormal
48,94,90.1,0,Abnormal
103,95,105.4,0,Abnormal
75,72,101.4,0,Moderate
106,61,94.1,0,Moderate
48,84,107.5,1,Abnormal
77,82,85.6,0,Moderate
58,70,97.3,0,Abnormal
124,75,93.1,0,Abnormal
78,78,103.3,1,Abnormal
113,63,91.2,1,Abnormal
147,80,95.7,0,Moderate
120,87,95.8,1,Abnormal
79,96,91.9,0,Normal
41,85,97.0,1,Abnormal
126,84,97.8,0,Moderate
128,76,86.4,1,Abnormal
109,87,102.6,0,Moderate
61,92,93.3,0,Moderate
141,95,104.4,1,Abnormal
98,63,105.8,0,Abnormal
122,89,103.2,0,Abnormal
77,67,89.7,0,Moderate
80,82,86.7,0,Moderate
43,71,86.9,1,Abnormal
139,78,85.4,0,Abnormal
124,77,95.5,1,Abnormal
127,81,85.0,0,Moderate
113,84,88.6,1,Abnormal
144,93,87.7,1,Abnormal
102,83,108.6,1,Abnormal
101,66,91.6,1,Abnormal
111,69,105.5,0,Moderate
48,73,108.5,1,Abnormal
86,75,92.5,0,Abnormal
71,94,91.3,0,Normal
82,71,97.9,0,Abnormal
109,64,105.3,0,Moderate
118,99,99.7,0,Moderate
51,94,90.8,0,Abnormal
105,88,94.1,0,Normal
75,97,102.0,1,Abnormal
129,86,86.3,0,Abnormal
132,98,98.7,0,Abnormal
101,99,108.9,1,Abnormal
44,60,101.2,1,Abnormal
147,71,94.9,1,Abnormal
117,63,108.1,1,Abnormal
121,85,92.3,1,Abnormal
76,60,86.0,1,Abnormal
108,100,87.0,1,Abnormal
108,68,96.0,0,Moderate
93,89,106.9,0,Abnormal
89,93,87.3,1,Abnormal
122,81,93.9,0,Moderate
64,94,109.9,1,Abnormal
65,72,108.6,1,Abnormal
57,81,96.4,1,Abnormal
86,66,90.5,1,Abnormal
41,80,99.2,1,Abnormal
113,72,88.2,1,Abnormal
42,73,87.9,1,Abnormal
112,66,91.0,1,Abnormal
44,82,90.3,0,Moderate
55,78,109.9,1,Abnormal
76,61,86.0,0,Abnormal
124,86,90.0,0,Abnormal
142,78,97.7,1,Abnormal
108,71,98.7,0,Moderate
49,85,91.7,0,Moderate
144,89,86.5,1,Abnormal
61,100,91.0,1,Abnormal
74,78,99.8,0,Abnormal
135,61,100.5,1,Abnormal
66,95,93.4,0,Moderate
54,95,85.9,1,Abnormal
138,74,97.4,0,Abnormal
100,79,95.1,1,Abnormal
53,93,88.5,0,Moderate
93,60,96.6,1,Abnormal
80,85,88.3,1,Abnormal
86,66,102.2,0,Abnormal
40,81,93.0,0,Moderate
109,100,88.6,0,Moderate
75,76,94.7,1,Abnormal
76,62,103.0,1,Abnormal
61,77,91.7,0,Moderate
79,77,102.9,1,Abnormal
70,65,86.5,0,Abnormal
133,84,103.5,1,Abnormal
63,65,105.1,0,Moderate
61,78,98.1,0,Moderate
113,74,107.7,0,Moderate
94,93,102.6,0,Abnormal
147,70,85.6,0,Abnormal
116,88,105.7,0,Moderate
101,91,93.3,1,Abnormal
118,75,87.6,0,Moderate
150,80,102.4,0,Moderate
96,76,108.7,0,Abnormal
71,98,87.2,0,Abnormal
108,77,99.1,0,Moderate
124,90,101.7,1,Abnormal
90,64,95.5,1,Abnormal
96,96,99.2,0,Normal
133,84,89.1,0,Moderate
130,73,109.8,0,Abnormal
62,66,103.5,0,Moderate
90,96,96.8,0,Normal
135,80,94.6,0,Moderate
143,67,107.8,1,Abnormal
86,76,87.1,0,Abnormal
89,82,99.7,1,Abnormal
120,98,96.2,0,Moderate
71,83,105.3,0,Moderate
136,68,90.4,0,Abnormal
72,87,92.9,1,Abnormal
95,69,108.0,0,Abnormal
84,90,102.9,0,Abnormal
91,93,106.1,0,Abnormal
61,93,85.3,1,Abnormal
128,83,85.9,0,Moderate
132,75,95.8,1,Abnormal
133,90,104.1,0,Abnormal
129,67,101.1,1,Abnormal
74,86,107.2,1,Abnormal
46,63,100.7,0,Moderate
71,79,89.1,1,Abnormal
142,74,86.1,1,Abnormal
115,100,100.5,0,Moderate
70,91,94.6,1,Abnormal
142,88,102.7,1,Abnormal
44,94,97.2,1,Abnormal
63,74,91.0,1,Abnormal
93,86,109.4,1,Abnormal
55,95,109.3,0,Abnormal
124,99,92.3,1,Abnormal
56,89,99.0,0,Abnormal
66,81,99.4,1,Abnormal
65,76,93.6,0,Moderate
127,75,95.6,0,Abnormal
92,85,92.2,1,Abnormal
93,82,96.7,1,Abnormal
100,78,103.6,1,Abnormal
135,65,102.1,1,Abnormal
109,64,102.2,1,Abnormal
56,77,106.6,0,Abnormal
49,95,94.5,0,Abnormal
62,75,96.8,1,Abnormal
147,63,102.9,1,Abnormal
109,89,85.8,1,Abnormal
141,63,103.5,0,Abnormal
92,100,90.6,0,Normal
48,60,95.0,1,Abnormal
89,67,100.1,1,Abnormal
57,92,86.3,1,Abnormal
110,62,107.1,1,Abnormal
142,84,85.2,0,Moderate
56,92,98.1,1,Abnormal
94,79,95.0,1,Abnormal
139,79,103.7,1,Abnormal
107,97,101.8,1,Abnormal
126,84,106.8,0,Moderate
67,63,93.5,0,Moderate
79,68,97.5,1,Abnormal
59,65,98.9,0,Abnormal
43,71,99.2,1,Abnormal
102,77,86.0,1,Abnormal
134,80,89.0,1,Abnormal
88,60,90.7,0,Abnormal
87,95,95.5,1,Abnormal
119,84,100.0,1,Abnormal
67,91,98.4,1,Abnormal
105,91,109.6,1,Abnormal
46,86,103.6,1,Abnormal
135,60,102.2,0,Abnormal
113,64,87.7,1,Abnormal
88,69,100.1,1,Abnormal
108,81,105.2,0,Moderate
118,100,95.3,1,Abnormal
142,74,103.9,1,Abnormal
97,68,91.5,1,Abnormal
94,86,97.4,0,Normal
86,74,92.0,1,Abnormal
137,72,108.3,1,Abnormal
144,77,103.9,0,Abnormal
127,79,103.9,0,Abnormal
94,60,101.0,1,Abnormal
112,92,101.8,0,Moderate
119,88,93.7,0,Moderate
119,74,104.7,0,Moderate
69,77,93.6,1,Abnormal
94,78,86.5,1,Abnormal
105,72,102.6,1,Abnormal
122,73,94.1,1,Abnormal
49,61,99.6,1,Abnormal
97,62,86.3,1,Abnormal
141,81,108.7,0,Moderate
75,100,97.1,1,Abnormal
127,90,95.3,1,Abnormal
108,74,109.0,0,Moderate
90,97,105.3,0,Abnormal
94,85,96.2,1,Abnormal
72,85,92.8,0,Moderate
115,69,87.6,1,Abnormal
122,65,97.7,0,Abnormal
75,97,105.1,0,Abnormal
132,99,86.7,0,Abnormal
126,70,89.5,0,Moderate
146,74,98.4,1,Abnormal
135,90,87.5,1,Abnormal
99,98,99.6,1,Abnormal
130,90,104.7,0,Abnormal
135,78,103.8,1,Abnormal
131,63,85.8,1,Abnormal
139,85,108.0,0,Moderate
77,89,92.5,0,Normal
50,79,89.7,0,Moderate
122,64,103.7,0,Abnormal
115,61,98.8,1,Abnormal
68,69,93.4,0,Moderate
53,68,109.6,0,Abnormal
118,75,87.8,1,Abnormal
98,71,87.7,1,Abnormal
103,85,103.4,1,Abnormal
148,74,103.3,0,Abnormal
47,75,86.2,1,Abnormal
61,86,94.6,1,Abnormal
82,95,89.6,0,Moderate
104,81,109.9,0,Moderate
60,65,109.4,0,Moderate
114,85,102.9,0,Moderate
75,95,108.5,1,Abnormal
51,86,92.5,0,Abnormal
107,74,109.5,1,Abnormal
43,66,88.7,0,Moderate
72,98,98.6,1,Abnormal
135,84,89.3,0,Moderate
135,100,108.5,0,Abnormal
55,81,101.9,0,Moderate
46,72,97.3,0,Abnormal
59,78,99.9,0,Abnormal
75,84,98.9,1,Abnormal
83,84,85.7,1,Abnormal
112,70,85.4,1,Abnormal
144,95,94.4,1,Abnormal
141,97,87.6,1,Abnormal
77,97,104.1,0,Abnormal
97,81,90.8,0,Moderate
122,83,107.6,0,Moderate
81,86,105.5,0,Abnormal
73,68,97.4,1,Abnormal
120,85,90.8,0,Moderate
81,76,106.4,1,Abnormal
72,61,99.1,0,Abnormal
45,87,96.7,0,Abnormal
47,71,92.7,0,Abnormal
95,76,95.3,1,Abnormal
108,86,100.8,1,Abnormal
81,66,90.5,1,Abnormal
128,99,98.0,1,Abnormal
71,70,102.4,1,Abnormal
146,95,109.1,0,Abnormal
91,65,104.4,1,Abnormal
103,93,92.3,0,Normal
133,85,100.1,0,Moderate
121,80,97.2,1,Abnormal
140,65,104.3,1,Abnormal
51,78,104.7,0,Abnormal
146,88,93.3,0,Abnormal
106,97,88.1,1,Abnormal
115,69,86.3,1,Abnormal
69,78,95.1,0,Moderate
104,75,96.5,0,Abnormal
70,87,100.8,1,Abnormal
57,79,94.7,0,Abnormal
44,83,90.7,0,Moderate
78,77,99.0,0,Abnormal
125,94,102.9,0,Abnormal
121,85,108.2,0,Moderate
44,83,89.1,0,Moderate
141,87,97.3,1,Abnormal
131,83,94.8,1,Abnormal
85,85,99.9,0,Moderate
89,89,98.1,0,Normal
66,94,108.7,1,Abnormal
83,68,91.8,1,Abnormal
103,77,91.0,0,Abnormal
77,89,89.4,1,Abnormal
71,86,91.6,1,Abnormal
127,78,106.8,0,Abnormal
63,98,99.8,0,Moderate
93,71,91.8,1,Abnormal
120,89,85.2,0,Moderate
54,73,89.1,1,Abnormal
102,61,87.2,1,Abnormal
146,89,89.6,1,Abnormal
144,85,99.1,1,Abnormal
137,73,107.6,1,Abnormal
65,68,95.7,1,Abnormal
62,83,97.7,1,Abnormal
94,88,109.9,0,Abnormal
145,83,93.4,1,Abnormal
51,79,97.7,1,Abnormal
56,64,103.3,0,Abnormal
107,73,106.0,1,Abnormal
126,85,101.9,0,Moderate
145,82,99.6,1,Abnormal
100,93,87.4,0,Abnormal
89,69,104.5,0,Abnormal
81,95,94.6,0,Normal
107,66,95.8,1,Abnormal
117,74,95.5,0,Moderate
128,67,85.4,0,Abnormal
40,86,98.9,0,Abnormal
133,62,85.8,1,Abnormal
133,64,97.9,1,Abnormal
84,75,94.8,1,Abnormal
72,65,100.8,0,Moderate
59,75,105.9,0,Abnormal
95,81,86.6,0,Moderate
82,74,94.8,0,Abnormal
142,64,95.2,1,Abnormal
101,75,87.1,0,Abnormal
81,77,106.5,0,Abnormal
126,71,94.2,0,Abnormal
72,85,93.6,1,Abnormal
70,90,91.6,0,Normal
83,91,108.1,1,Abnormal
80,68,92.1,0,Abnormal
115,62,99.8,0,Moderate
44,68,87.6,0,Abnormal
101,71,103.6,1,Abnormal
88,92,97.9,0,Normal
76,84,87.5,1,Abnormal
137,61,109.8,0,Abnormal
53,74,101.3,0,Moderate
56,61,109.2,1,Abnormal
76,60,90.5,1,Abnormal
148,88,107.0,1,Abnormal
129,95,95.8,1,Abnormal
144,91,109.8,0,Abnormal
57,82,91.9,0,Moderate
61,89,93.3,0,Moderate
77,68,101.7,1,Abnormal
115,69,109.2,0,Moderate
138,87,92.7,1,Abnormal
40,73,99.6,0,Abnormal
63,71,102.4,0,Moderate
79,94,107.0,1,Abnormal
101,71,101.1,1,Abnormal
117,74,87.5,0,Moderate
108,87,89.2,1,Abnormal
98,83,100.9,0,Moderate
120,71,92.7,0,Moderate
134,87,103.7,1,Abnormal
132,97,88.2,0,Moderate
60,95,100.7,0,Moderate
66,69,94.0,0,Moderate
52,71,88.6,0,Moderate
143,98,105.7,0,Abnormal
105,83,105.4,0,Moderate
127,77,94.2,0,Abnormal
108,87,90.3,1,Abnormal
126,80,88.5,0,Moderate
66,94,104.6,1,Abnormal
69,87,88.3,1,Abnormal
45,72,101.4,0,Moderate
78,73,85.5,0,Abnormal
141,69,87.9,0,Abnormal
119,85,103.8,1,Abnormal
86,82,99.6,1,Abnormal
45,91,105.8,0,Abnormal
43,88,98.8,1,Abnormal
108,89,108.2,0,Moderate
59,68,92.5,0,Abnormal
43,88,92.9,0,Abnormal
147,89,97.7,1,Abnormal
107,75,91.6,0,Moderate
149,65,109.6,1,Abnormal
43,82,89.6,1,Abnormal
112,60,102.2,0,Moderate
89,74,93.4,1,Abnormal
139,85,99.6,1,Abnormal
68,64,102.6,0,Moderate
82,100,106.1,1,Abnormal
70,65,88.3,1,Abnormal
50,91,99.5,1,Abnormal
106,89,107.6,1,Abnormal
41,78,86.0,0,Abnormal
87,73,85.5,0,Abnormal
120,73,97.4,1,Abnormal
113,92,104.0,0,Moderate
76,95,94.0,0,Normal
40,64,101.6,0,Moderate
123,64,89.1,1,Abnormal
60,68,103.6,1,Abnormal
87,73,102.9,1,Abnormal
57,83,102.7,0,Moderate
94,75,94.5,0,Abnormal
69,63,103.0,1,Abnormal
68,64,87.3,1,Abnormal
49,72,102.3,1,Abnormal
66,92,97.0,1,Abnormal
101,78,91.5,1,Abnormal
52,62,91.1,1,Abnormal
52,80,90.4,1,Abnormal
60,72,95.3,1,Abnormal
78,90,95.6,1,Abnormal
41,69,85.1,1,Abnormal
97,81,86.9,1,Abnormal
42,91,91.6,0,Abnormal
106,88,85.4,0,Moderate
121,61,93.6,1,Abnormal
143,63,98.0,1,Abnormal
86,87,97.3,0,Normal
142,93,86.1,1,Abnormal
52,97,106.3,1,Abnormal
128,97,98.7,1,Abnormal
53,85,101.3,0,Moderate
64,98,89.1,0,Moderate
78,67,105.7,0,Abnormal
131,78,90.6,1,Abnormal
41,94,97.6,1,Abnormal
84,68,107.4,0,Abnormal
70,92,97.8,0,Normal
96,94,102.6,1,Abnormal
85,79,97.6,1,Abnormal
114,80,95.9,0,Moderate
126,100,85.7,1,Abnormal
143,64,90.5,0,Abnormal
59,91,89.7,0,Moderate
54,60,92.9,1,Abnormal
111,92,92.1,1,Abnormal
123,70,96.4,0,Abnormal
69,78,108.7,0,Moderate
56,94,86.4,1,Abnormal
55,88,106.5,0,Abnormal
138,71,98.5,1,Abnormal
122,79,93.6,0,Abnormal
78,71,101.7,0,Moderate
40,97,97.2,0,Abnormal
95,98,93.6,0,Normal
93,63,106.0,0,Abnormal
76,62,86.9,1,Abnormal
99,96,93.5,1,Abnormal
85,63,85.5,1,Abnormal
114,90,95.2,0,Moderate
132,98,105.0,0,Abnormal
134,97,87.9,1,Abnormal
142,71,105.4,1,Abnormal
47,64,85.4,0,Abnormal
132,75,96.3,1,Abnormal
90,97,86.2,0,Abnormal
139,90,103.7,1,Abnormal
147,61,98.6,1,Abnormal
62,91,98.6,1,Abnormal
74,63,90.6,1,Abnormal
90,83,98.3,0,Moderate
143,77,100.0,0,Abnormal
137,89,106.5,1,Abnormal
82,69,87.7,1,Abnormal
148,82,89.5,1,Abnormal
112,68,89.3,0,Moderate
133,89,109.1,1,Abnormal
114,95,87.6,1,Abnormal
106,83,100.9,0,Moderate
150,78,101.7,0,Moderate
82,88,104.6,0,Abnormal
46,63,103.2,0,Abnormal
86,66,108.8,1,Abnormal
81,94,89.9,0,Moderate
107,96,94.9,0,Moderate
46,94,99.2,1,Abnormal
84,72,99.8,1,Abnormal
144,67,94.9,1,Abnormal
102,62,107.1,0,Abnormal
96,64,89.6,0,Moderate
115,96,94.6,1,Abnormal
46,75,95.4,1,Abnormal
128,80,94.7,1,Abnormal
149,87,90.7,0,Abnormal
115,95,104.1,0,Moderate
103,83,99.6,1,Abnormal
51,87,98.2,1,Abnormal
91,70,108.6,0,Abnormal
113,98,85.2,0,Moderate
53,93,91.2,1,Abnormal
42,80,105.4,1,Abnormal
116,79,102.0,0,Moderate
148,87,89.3,0,Moderate
46,65,88.1,0,Moderate
134,73,95.0,1,Abnormal
104,73,98.7,1,Abnormal
133,77,88.6,0,Moderate
116,80,97.2,0,Moderate
142,69,102.6,0,Abnormal
126,99,104.8,0,Abnormal
108,73,88.2,1,Abnormal
115,91,100.8,1,Abnormal
150,80,107.1,0,Moderate
120,71,100.2,0,Moderate
